/*
SQLyog Community v11.52 (64 bit)
MySQL - 10.1.32-MariaDB : Database - mlab
*********************************************************************
*/

/*!40101 SET NAMES utf8 */;

/*!40101 SET SQL_MODE=''*/;

/*!40014 SET @OLD_UNIQUE_CHECKS=@@UNIQUE_CHECKS, UNIQUE_CHECKS=0 */;
/*!40014 SET @OLD_FOREIGN_KEY_CHECKS=@@FOREIGN_KEY_CHECKS, FOREIGN_KEY_CHECKS=0 */;
/*!40101 SET @OLD_SQL_MODE=@@SQL_MODE, SQL_MODE='NO_AUTO_VALUE_ON_ZERO' */;
/*!40111 SET @OLD_SQL_NOTES=@@SQL_NOTES, SQL_NOTES=0 */;
CREATE DATABASE /*!32312 IF NOT EXISTS*/`mlab` /*!40100 DEFAULT CHARACTER SET latin1 */;

USE `mlab`;

/*Table structure for table `admin` */

DROP TABLE IF EXISTS `admin`;

CREATE TABLE `admin` (
  `a_id` int(11) NOT NULL AUTO_INCREMENT,
  `role` int(11) DEFAULT NULL,
  `name` varchar(250) DEFAULT NULL,
  `email` varchar(250) DEFAULT NULL,
  `mobile` varchar(250) DEFAULT NULL,
  `altmobile` varchar(250) DEFAULT NULL,
  `gstin` varchar(250) DEFAULT NULL,
  `address1` varchar(250) DEFAULT NULL,
  `address2` varchar(250) DEFAULT NULL,
  `city` varchar(250) DEFAULT NULL,
  `state` varchar(250) DEFAULT NULL,
  `country` varchar(250) DEFAULT NULL,
  `zipcode` varchar(250) DEFAULT NULL,
  `accrediations` varchar(250) DEFAULT NULL,
  `profile_pic` varchar(250) DEFAULT NULL,
  `commission_amt` varchar(250) DEFAULT NULL,
  `password` varchar(250) DEFAULT NULL,
  `org_password` varchar(250) DEFAULT NULL,
  `status` int(11) DEFAULT '1',
  `created_at` datetime DEFAULT NULL,
  `updated_at` datetime DEFAULT NULL,
  `created_by` int(11) DEFAULT '0',
  PRIMARY KEY (`a_id`)
) ENGINE=InnoDB AUTO_INCREMENT=16 DEFAULT CHARSET=latin1;

/*Data for the table `admin` */

insert  into `admin`(`a_id`,`role`,`name`,`email`,`mobile`,`altmobile`,`gstin`,`address1`,`address2`,`city`,`state`,`country`,`zipcode`,`accrediations`,`profile_pic`,`commission_amt`,`password`,`org_password`,`status`,`created_at`,`updated_at`,`created_by`) values (1,1,'Admin','admin@gmail.com','8500050944','8019345212','123sds','kadapa','mydikur','mydukur','Andhra Pradesh','india','516172',NULL,'1543215573.png',NULL,'e10adc3949ba59abbe56e057f20f883e','123456',1,'2018-10-31 14:38:39','2018-11-22 10:32:35',1),(2,2,'maxcure','maxcure@gmail.com','8500050944','8019345212','123sdsdd','kothapalli ','','mydukur','Andhra Pradesh','india','516172',NULL,NULL,NULL,'e10adc3949ba59abbe56e057f20f883e','123456',1,'2018-10-31 18:12:31','2018-11-01 10:34:40',1),(3,2,'vasudevareddy','test@gmail.com','8500050944','8019345212','123sds','kadapa','','mydukur','Andhra Pradesh','india','516172',NULL,NULL,NULL,'e10adc3949ba59abbe56e057f20f883e','123456',1,'2018-10-31 18:12:31','2018-10-31 19:09:36',1),(4,3,'vasudevareddy','testing123@gmail.com','8500050944','8019345212','123sds','kadapa','','mydukur','Karnataka','india','516172','10',NULL,'25','e10adc3949ba59abbe56e057f20f883e','123456',1,'2018-10-31 19:26:07','2018-12-04 19:15:47',1),(5,2,'NS labs','raghu@gmail.com','9581758358','8328579782','00990999','hyd','','hyd','Andhra Pradesh','india','500072',NULL,NULL,NULL,'e10adc3949ba59abbe56e057f20f883e','123456',2,'2018-11-20 09:49:37','2018-11-21 10:45:29',1),(6,2,'Arya','arya@gmail.com','9502710149','9502715155','5','nagole','','Hyderabad','Telangana','INDIA','500035','NBI','1543987374.png','15.5','e10adc3949ba59abbe56e057f20f883e','123456',1,'2018-11-21 10:39:03','2018-11-26 12:37:27',1),(7,2,'Deepa','aryasatheesan12345@gmail.com','9502710179','9541236547','5','Kukatpally','','hyderabad','Telangana','india','502344','NABH','1543314906.jpg',NULL,'e10adc3949ba59abbe56e057f20f883e','123456',1,'2018-11-21 10:43:06','2018-11-26 12:33:50',1),(8,2,'kasiumamahesh','565@gmail.com','1234567890','1234567890','123','test','','test','Andhra Pradesh','india','500072',NULL,NULL,NULL,'e10adc3949ba59abbe56e057f20f883e','123456',1,'2018-11-21 18:44:22','2018-11-21 18:45:59',1),(9,2,'test','test321@gmail.com','3213213210','3213213210','3213213210','3213213210','','test','Andhra Pradesh','india','50072','testing',NULL,NULL,'e10adc3949ba59abbe56e057f20f883e','123456',1,'2018-11-21 19:18:58','2018-11-21 19:19:10',1),(10,2,'RR labs','raghu1@gmail.com','9581758358','8328579782','8888','hyderabad','','hyderabad','Telangana','india','500072','nab, aictic',NULL,NULL,'e10adc3949ba59abbe56e057f20f883e','123456',1,'2018-11-23 17:22:41','2018-11-23 17:23:20',1),(11,2,'Aruna','aruna@gmail.com','8985454945','04715468468','5','aphb','','Guntur','Andhra Pradesh','India','502300','NBBH','1543216860.png',NULL,'e10adc3949ba59abbe56e057f20f883e','123456',1,'2018-11-26 12:39:24','2018-11-26 12:39:24',1),(12,2,'Medcare','jaanu@gmail.com','9550252384','04711487645','5','RNGPET','','Nellore','Andhra Pradesh','India','502451','NBBH',NULL,NULL,'e10adc3949ba59abbe56e057f20f883e','123456',2,'2018-11-26 15:07:46','2018-11-26 16:11:06',1),(13,2,'Medcare','med@gmail.com','9550252384','04542144569','5','RCBPET','','Nellore','Andhra Pradesh','India','502142','NBA',NULL,NULL,'e10adc3949ba59abbe56e057f20f883e','123456',2,'2018-11-27 18:04:11','2018-11-27 18:08:53',1),(14,2,'kasiumamahesh','kasiumamahesh@gmail.com','7417417411','8528528520','123654789','kadapa','','hyderabad','Andhra Pradesh','india','516172','10',NULL,'12.5','e10adc3949ba59abbe56e057f20f883e','123456',1,'2018-12-04 19:05:56','2018-12-04 19:05:56',1),(15,3,'kasiumamahesh','kasiumamaheshphar@gmail.com','8528528522','1234567892','741','hyderabad','','hyderabad','Andhra Pradesh','india','500072','10',NULL,'12.5','e10adc3949ba59abbe56e057f20f883e','123456',1,'2018-12-04 19:14:22','2018-12-04 19:15:31',1);

/*Table structure for table `lab_cart` */

DROP TABLE IF EXISTS `lab_cart`;

CREATE TABLE `lab_cart` (
  `c_id` int(11) NOT NULL AUTO_INCREMENT,
  `a_id` int(11) DEFAULT NULL,
  `test_id` int(11) DEFAULT '0',
  `package_id` int(11) DEFAULT '0',
  `type` int(11) DEFAULT '1' COMMENT '1=test;0=package',
  `l_id` int(11) DEFAULT NULL,
  `test_duartion` varchar(250) DEFAULT NULL,
  `delivery_charge` decimal(10,2) DEFAULT NULL,
  `amount` decimal(10,2) DEFAULT NULL,
  `org_amount` decimal(10,2) DEFAULT NULL,
  `qty` int(11) DEFAULT NULL,
  `discount` decimal(10,2) DEFAULT NULL,
  `percentage` decimal(10,2) DEFAULT NULL,
  `status` int(11) DEFAULT '1',
  `created_at` datetime DEFAULT NULL,
  `updated_at` datetime DEFAULT NULL,
  `created_by` int(11) DEFAULT NULL,
  PRIMARY KEY (`c_id`)
) ENGINE=InnoDB AUTO_INCREMENT=361 DEFAULT CHARSET=latin1;

/*Data for the table `lab_cart` */

insert  into `lab_cart`(`c_id`,`a_id`,`test_id`,`package_id`,`type`,`l_id`,`test_duartion`,`delivery_charge`,`amount`,`org_amount`,`qty`,`discount`,`percentage`,`status`,`created_at`,`updated_at`,`created_by`) values (11,3,2,0,1,2,'20','45.00','100.00',NULL,1,'0.00',NULL,1,'2018-11-21 17:45:47','2018-11-21 17:45:47',3),(116,55,0,3,0,3,NULL,'0.00','500.00','1000.00',1,'500.00','50.00',1,'2018-11-26 12:23:54','2018-11-26 12:23:54',55),(167,47,0,27,0,6,NULL,'40.00','400.00','500.00',1,'100.00','20.00',1,'2018-11-26 21:33:17','2018-11-26 21:33:17',47),(275,68,0,3,0,3,NULL,'0.00','500.00','1000.00',1,'500.00','50.00',1,'2018-11-27 15:22:02','2018-11-27 15:22:02',68),(313,15,0,29,0,6,NULL,'50.00','6800.00','7500.00',1,'700.00','9.33',1,'2018-11-28 11:17:00','2018-11-28 11:17:00',15),(317,16,0,29,0,6,NULL,'50.00','6800.00','7500.00',1,'700.00','9.33',1,'2018-11-28 11:28:48','2018-11-28 11:28:48',16),(346,46,0,23,0,11,NULL,'40.00','1650.00','2000.00',1,'350.00','17.50',1,'2018-11-28 12:22:49','2018-11-28 12:22:49',46),(351,39,0,22,0,6,NULL,'45.00','950.00','1000.00',1,'50.00','5.00',1,'2018-11-28 14:17:55','2018-11-28 14:17:55',39),(357,42,0,2,0,2,NULL,'50.00','450.00','500.00',1,'50.00','10.00',1,'2018-12-01 19:53:27','2018-12-01 19:53:27',42),(360,1,0,27,0,6,NULL,'40.00','400.00','500.00',1,'100.00','20.00',1,'2018-12-03 16:45:46','2018-12-03 16:45:46',1);

/*Table structure for table `lab_order_items` */

DROP TABLE IF EXISTS `lab_order_items`;

CREATE TABLE `lab_order_items` (
  `order_item_id` int(11) NOT NULL AUTO_INCREMENT,
  `order_id` int(11) DEFAULT NULL,
  `a_id` int(11) DEFAULT NULL,
  `test_id` int(11) DEFAULT NULL,
  `l_id` int(11) DEFAULT NULL,
  `package_id` int(11) DEFAULT NULL,
  `delivery_charge` decimal(10,2) DEFAULT NULL,
  `total_amt` decimal(10,2) DEFAULT NULL,
  `amount` decimal(10,2) DEFAULT NULL,
  `org_amount` decimal(10,2) DEFAULT NULL,
  `percentage` decimal(10,2) DEFAULT NULL,
  `payment_type` int(11) DEFAULT NULL,
  `status` int(11) DEFAULT '1' COMMENT '1=success;2=reject',
  `lab_status` int(11) DEFAULT '0' COMMENT '0=pending;1=accept;2=reject',
  `reason` text,
  `crerated_at` timestamp NOT NULL DEFAULT CURRENT_TIMESTAMP ON UPDATE CURRENT_TIMESTAMP,
  `updated_at` timestamp NOT NULL DEFAULT CURRENT_TIMESTAMP,
  `created_by` int(11) DEFAULT NULL,
  PRIMARY KEY (`order_item_id`)
) ENGINE=InnoDB AUTO_INCREMENT=93 DEFAULT CHARSET=latin1;

/*Data for the table `lab_order_items` */

insert  into `lab_order_items`(`order_item_id`,`order_id`,`a_id`,`test_id`,`l_id`,`package_id`,`delivery_charge`,`total_amt`,`amount`,`org_amount`,`percentage`,`payment_type`,`status`,`lab_status`,`reason`,`crerated_at`,`updated_at`,`created_by`) values (9,7,39,0,3,3,'0.00','500.00','500.00','1000.00','50.00',2,1,0,NULL,'2018-11-23 05:28:45','2018-11-23 05:28:45',39),(10,8,39,0,3,3,'0.00','500.00','500.00','1000.00','50.00',2,1,0,'trtyjj','2018-11-26 03:39:53','2018-11-26 15:28:43',39),(11,9,1,1,2,0,'45.00','245.00','200.00','0.00','0.00',0,1,0,'vvv','2018-11-26 03:39:51','2018-11-23 18:39:39',1),(12,10,39,1,2,0,'45.00','245.00','200.00','0.00','0.00',2,1,0,NULL,'2018-11-23 05:36:20','2018-11-23 05:36:20',39),(13,11,16,0,6,19,'0.00','450.00','450.00','500.00','10.00',0,2,0,'test','2018-11-23 05:54:34','2018-11-23 18:24:34',16),(14,12,15,0,6,19,'0.00','450.00','450.00','500.00','10.00',0,1,1,NULL,'2018-11-23 05:42:30','2018-11-23 18:12:30',15),(15,13,16,0,6,20,'0.00','450.00','450.00','500.00','10.00',0,1,1,'it is a testing purpose','2018-11-23 17:13:50','2018-11-23 15:04:41',16),(16,14,39,0,3,3,'0.00','500.00','500.00','1000.00','50.00',2,1,0,NULL,'2018-11-23 05:45:50','2018-11-23 05:45:50',39),(17,15,39,0,3,3,'0.00','500.00','500.00','1000.00','50.00',2,1,0,NULL,'2018-11-23 05:49:25','2018-11-23 05:49:25',39),(18,16,16,0,6,9,'0.00','550.00','550.00','700.00','21.43',0,1,2,'tst','2018-11-23 06:25:08','2018-11-23 18:55:08',16),(19,17,16,16,6,0,'50.00','550.00','500.00','0.00','0.00',0,1,1,'test','2018-11-23 06:23:46','2018-11-23 18:53:46',16),(20,18,16,0,6,21,'0.00','450.00','450.00','500.00','10.00',0,1,1,NULL,'2018-11-23 05:55:56','2018-11-23 18:25:56',16),(21,19,15,0,2,2,'0.00','450.00','450.00','500.00','10.00',0,2,0,'sdfgsdfsdf','2018-11-26 03:05:21','2018-11-26 15:35:21',15),(22,20,39,2,2,0,'45.00','145.00','100.00','0.00','0.00',2,1,0,NULL,'2018-11-23 05:58:31','2018-11-23 05:58:31',39),(23,21,16,0,6,19,'50.00','500.00','450.00','500.00','10.00',0,1,1,NULL,'2018-11-23 06:06:16','2018-11-23 18:36:16',16),(24,22,39,0,2,17,'0.00','4000.00','4000.00','5000.00','20.00',2,1,0,NULL,'2018-11-23 06:11:18','2018-11-23 06:11:18',39),(25,23,16,0,6,20,'50.00','500.00','450.00','500.00','10.00',0,1,2,'tggg','2018-11-23 06:14:50','2018-11-23 18:44:50',16),(26,24,15,16,6,0,'50.00','550.00','500.00','0.00','0.00',0,1,1,'Wrong type','2018-11-26 04:04:04','2018-11-26 16:34:04',15),(27,25,16,0,6,20,'50.00','500.00','450.00','500.00','10.00',0,1,1,NULL,'2018-11-23 06:14:07','2018-11-23 18:44:07',16),(28,26,39,0,2,11,'0.00','4990.00','4990.00','5000.00','0.20',2,1,0,NULL,'2018-11-23 06:13:40','2018-11-23 06:13:40',39),(29,27,39,0,3,3,'0.00','500.00','500.00','1000.00','50.00',2,1,0,NULL,'2018-11-23 06:18:22','2018-11-23 06:18:22',39),(30,28,16,0,6,9,'50.00','600.00','550.00','700.00','21.43',0,1,1,'tst','2018-11-26 03:40:25','2018-11-26 16:10:25',16),(31,29,16,0,6,20,'50.00','500.00','450.00','500.00','10.00',0,1,1,NULL,'2018-11-23 06:20:10','2018-11-23 18:50:10',16),(32,30,39,0,2,2,'0.00','450.00','450.00','500.00','10.00',2,1,1,NULL,'2018-11-23 06:42:35','2018-11-23 19:12:35',39),(33,31,39,0,3,3,'0.00','500.00','500.00','1000.00','50.00',1,1,0,NULL,'2018-11-23 06:27:21','2018-11-23 06:27:21',39),(34,32,16,0,6,7,'50.00','425.00','375.00','500.00','25.00',0,1,1,NULL,'2018-11-25 21:34:09','2018-11-26 10:04:09',16),(35,33,39,0,3,3,'0.00','500.00','500.00','1000.00','50.00',2,1,0,NULL,'2018-11-25 21:42:11','2018-11-25 21:42:11',39),(36,34,39,0,6,22,'0.00','950.00','950.00','1000.00','5.00',2,1,0,NULL,'2018-11-25 22:00:09','2018-11-25 22:00:09',39),(37,35,39,1,2,0,'45.00','245.00','200.00','0.00','0.00',1,1,0,NULL,'2018-11-25 22:05:08','2018-11-25 22:05:08',39),(38,35,39,2,2,0,'45.00','145.00','100.00','0.00','0.00',1,1,0,NULL,'2018-11-25 22:05:08','2018-11-25 22:05:08',39),(39,35,39,5,2,0,'20.00','140.00','120.00','0.00','0.00',1,1,0,NULL,'2018-11-25 22:05:08','2018-11-25 22:05:08',39),(40,36,39,0,2,17,'0.00','4000.00','4000.00','5000.00','20.00',2,1,0,'jsjjsw','2018-11-26 03:39:45','2018-11-26 16:03:54',39),(41,37,16,0,6,22,'45.00','995.00','950.00','1000.00','5.00',0,1,1,NULL,'2018-11-25 22:34:28','2018-11-26 11:04:28',16),(42,38,39,5,2,0,'20.00','140.00','120.00','0.00','0.00',2,1,0,'teating','2018-11-26 03:39:43','2018-11-26 15:28:07',39),(43,39,16,30,11,0,'40.00','540.00','500.00','0.00','0.00',0,1,2,'test','2018-11-26 03:01:15','2018-11-26 15:31:15',16),(44,40,16,0,11,23,'40.00','1690.00','1650.00','2000.00','17.50',0,1,1,NULL,'2018-11-26 05:34:48','2018-11-26 18:04:48',16),(45,41,16,0,12,24,'45.00','495.00','450.00','600.00','25.00',0,2,0,'test','2018-11-26 06:17:44','2018-11-26 18:47:44',16),(46,42,1,0,6,20,'50.00','500.00','450.00','500.00','10.00',0,1,1,'bbb','2018-11-26 04:07:34','2018-11-26 16:37:34',1),(47,43,39,0,3,3,'0.00','500.00','500.00','1000.00','50.00',2,1,1,NULL,'2018-11-26 04:16:49','2018-11-26 16:46:49',39),(48,44,39,0,3,3,'0.00','500.00','500.00','1000.00','50.00',2,1,1,NULL,'2018-11-26 04:23:04','2018-11-26 16:53:04',39),(49,45,39,0,3,3,'0.00','500.00','500.00','1000.00','50.00',2,1,0,NULL,'2018-11-26 05:26:38','2018-11-26 05:26:38',39),(50,46,1,0,6,22,'45.00','995.00','950.00','1000.00','5.00',0,1,0,NULL,'2018-11-26 05:59:24','2018-11-26 05:59:24',1),(51,47,42,0,2,2,'0.00','450.00','450.00','500.00','10.00',2,1,0,NULL,'2018-11-26 07:54:06','2018-11-26 07:54:06',42),(52,48,39,0,3,3,'0.00','500.00','500.00','1000.00','50.00',1,1,0,NULL,'2018-11-26 23:00:14','2018-11-26 23:00:14',39),(53,49,39,0,3,3,'0.00','500.00','500.00','1000.00','50.00',2,1,0,NULL,'2018-11-26 23:04:33','2018-11-26 23:04:33',39),(54,50,39,0,11,23,'0.00','1650.00','1650.00','2000.00','17.50',2,1,0,NULL,'2018-11-26 23:21:40','2018-11-26 23:21:40',39),(55,51,46,6,6,0,'50.00','350.00','300.00','0.00','0.00',1,1,1,NULL,'2018-11-27 00:17:59','2018-11-27 12:47:59',46),(56,51,46,43,6,0,'40.00','540.00','500.00','0.00','0.00',1,1,2,'tst','2018-11-27 01:44:38','2018-11-27 14:14:38',46),(57,51,46,16,6,0,'50.00','550.00','500.00','0.00','0.00',1,2,0,'test reason','2018-11-27 00:31:53','2018-11-27 13:01:53',46),(58,52,39,0,3,3,'0.00','500.00','500.00','1000.00','50.00',2,1,0,NULL,'2018-11-27 00:30:12','2018-11-27 00:30:12',39),(59,54,39,0,2,2,'0.00','450.00','450.00','500.00','10.00',1,1,0,NULL,'2018-11-27 00:31:29','2018-11-27 00:31:29',39),(60,55,39,1,2,0,'45.00','245.00','200.00','0.00','0.00',2,1,0,NULL,'2018-11-27 00:32:27','2018-11-27 00:32:27',39),(61,55,39,2,2,0,'45.00','145.00','100.00','0.00','0.00',2,1,0,NULL,'2018-11-27 00:32:27','2018-11-27 00:32:27',39),(62,56,46,39,7,0,'40.00','640.00','600.00','0.00','0.00',1,1,0,NULL,'2018-11-27 00:37:37','2018-11-27 00:37:37',46),(63,57,46,0,6,7,'0.00','375.00','375.00','500.00','25.00',1,2,0,'test','2018-11-27 00:44:13','2018-11-27 13:14:13',46),(64,58,46,46,6,0,'40.00','590.00','550.00','0.00','0.00',1,1,1,NULL,'2018-11-27 04:48:43','2018-11-27 17:18:43',46),(65,59,46,0,2,11,'0.00','4990.00','4990.00','5000.00','0.20',1,2,0,'test','2018-11-27 04:00:34','2018-11-27 16:30:34',46),(66,60,46,0,2,12,'0.00','1000.00','1000.00','2000.00','50.00',1,1,0,NULL,'2018-11-27 01:50:41','2018-11-27 01:50:41',46),(67,61,46,0,3,3,'0.00','500.00','500.00','1000.00','50.00',1,1,0,NULL,'2018-11-27 02:05:49','2018-11-27 02:05:49',46),(68,62,42,0,2,2,'0.00','450.00','450.00','500.00','10.00',2,1,0,NULL,'2018-11-27 02:54:18','2018-11-27 02:54:18',42),(69,63,46,29,6,0,'50.00','400.00','350.00','0.00','0.00',2,1,0,NULL,'2018-11-27 03:41:32','2018-11-27 03:41:32',46),(70,64,46,0,6,27,'0.00','400.00','400.00','500.00','20.00',2,1,0,NULL,'2018-11-27 03:50:54','2018-11-27 03:50:54',46),(71,65,15,0,6,28,'50.00','5550.00','5500.00','6000.00','8.33',0,1,1,NULL,'2018-11-27 04:54:09','2018-11-27 17:24:09',15),(72,66,42,0,2,2,'0.00','450.00','450.00','500.00','10.00',2,1,0,NULL,'2018-11-27 06:11:14','2018-11-27 06:11:14',42),(73,67,39,0,6,29,'0.00','6800.00','6800.00','7500.00','9.33',1,2,1,'gfgj','2018-12-03 04:52:40','2018-11-28 11:22:01',39),(74,68,39,0,6,29,'0.00','6800.00','6800.00','7500.00','9.33',2,1,1,NULL,'2018-12-03 04:52:33','2018-11-27 22:48:11',39),(75,74,39,0,6,29,'50.00','6850.00','6800.00','7500.00','9.33',2,2,1,'hiiiiii','2018-12-03 04:52:31','2018-11-28 11:25:54',39),(76,75,39,0,11,23,'40.00','1690.00','1650.00','2000.00','17.50',2,1,1,NULL,'2018-12-03 04:52:30','2018-11-27 23:12:39',39),(77,76,40,0,6,29,'50.00','6850.00','6800.00','7500.00','9.33',1,1,1,NULL,'2018-12-03 04:52:27','2018-11-27 23:14:34',40),(78,77,40,0,6,28,'50.00','5550.00','5500.00','6000.00','8.33',1,1,1,NULL,'2018-12-03 04:52:22','2018-11-27 23:15:23',40),(79,78,40,0,6,29,'50.00','6850.00','6800.00','7500.00','9.33',1,2,1,'ffg','2018-12-03 04:52:24','2018-11-28 11:53:04',40),(80,79,46,0,6,29,'50.00','6850.00','6800.00','7500.00','9.33',2,1,1,NULL,'2018-12-03 04:52:16','2018-11-27 23:25:37',46),(81,80,46,0,6,29,'50.00','6850.00','6800.00','7500.00','9.33',1,1,1,NULL,'2018-12-03 04:52:14','2018-11-27 23:30:56',46),(82,81,39,1,2,0,'45.00','245.00','200.00','0.00','0.00',1,1,1,NULL,'2018-12-03 04:52:13','2018-11-27 23:45:11',39),(83,81,39,11,6,0,'25.00','125.00','100.00','0.00','0.00',1,1,1,NULL,'2018-12-03 04:52:11','2018-11-27 23:45:11',39),(84,81,39,41,7,0,'40.00','740.00','700.00','0.00','0.00',1,1,1,NULL,'2018-12-03 04:52:10','2018-11-27 23:45:11',39),(85,81,39,20,6,0,'50.00','300.00','250.00','0.00','0.00',1,1,1,NULL,'2018-12-03 04:52:09','2018-11-27 23:45:11',39),(86,81,39,46,6,0,'40.00','590.00','550.00','0.00','0.00',1,1,1,NULL,'2018-12-03 04:52:07','2018-11-27 23:45:11',39),(87,82,39,41,7,0,'40.00','740.00','700.00','0.00','0.00',2,1,1,NULL,'2018-12-03 04:52:02','2018-11-27 23:48:58',39),(88,83,39,11,6,0,'25.00','125.00','100.00','0.00','0.00',1,1,1,NULL,'2018-12-03 04:51:59','2018-11-27 23:52:52',39),(89,84,39,4,3,0,'25.00','325.00','300.00','0.00','0.00',2,1,1,NULL,'2018-12-03 04:51:58','2018-11-27 23:55:24',39),(90,85,42,0,2,2,'50.00','500.00','450.00','500.00','10.00',2,1,1,NULL,'2018-12-03 04:52:01','2018-11-28 22:49:20',42),(91,86,1,0,6,29,'50.00','6850.00','6800.00','7500.00','9.33',0,1,1,NULL,'2018-12-03 04:51:57','2018-12-03 04:10:10',1),(92,87,1,0,6,29,'50.00','6850.00','6800.00','7500.00','9.33',0,1,1,NULL,'2019-01-01 16:07:05','2019-01-01 16:03:40',1);

/*Table structure for table `lab_orders` */

DROP TABLE IF EXISTS `lab_orders`;

CREATE TABLE `lab_orders` (
  `r_id` int(11) NOT NULL AUTO_INCREMENT,
  `a_id` int(11) DEFAULT NULL,
  `payment_type` int(11) DEFAULT '0' COMMENT '1=online;2=cashon delivery;3=swipe on delivery',
  `patient_details_id` int(11) DEFAULT NULL,
  `billing_id` int(11) DEFAULT NULL,
  `razorpay_payment_id` varchar(250) DEFAULT NULL,
  `razorpay_order_id` varchar(250) DEFAULT NULL,
  `razorpay_signature` varchar(250) DEFAULT NULL,
  `status` int(11) DEFAULT '1',
  `created_at` timestamp NOT NULL DEFAULT CURRENT_TIMESTAMP,
  `updated_at` timestamp NOT NULL DEFAULT CURRENT_TIMESTAMP,
  `created_by` int(11) DEFAULT NULL,
  PRIMARY KEY (`r_id`)
) ENGINE=InnoDB AUTO_INCREMENT=88 DEFAULT CHARSET=latin1;

/*Data for the table `lab_orders` */

insert  into `lab_orders`(`r_id`,`a_id`,`payment_type`,`patient_details_id`,`billing_id`,`razorpay_payment_id`,`razorpay_order_id`,`razorpay_signature`,`status`,`created_at`,`updated_at`,`created_by`) values (7,39,2,68,29,'','','',1,'2018-11-23 17:58:45','2018-11-23 17:58:45',39),(8,39,2,69,30,'','','',1,'2018-11-23 18:03:38','2018-11-23 18:03:38',39),(9,1,2,70,1,'','','',1,'2018-11-23 18:04:59','2018-11-23 18:04:59',1),(10,39,2,71,31,'','','',1,'2018-11-23 18:06:20','2018-11-23 18:06:20',39),(11,16,3,72,8,'','','',1,'2018-11-23 18:10:49','2018-11-23 18:10:49',16),(12,15,2,73,11,'','','',1,'2018-11-23 18:11:15','2018-11-23 18:11:15',15),(13,16,2,75,7,'','','',1,'2018-11-23 18:12:46','2018-11-23 18:12:46',16),(14,39,2,76,32,'','','',1,'2018-11-23 18:15:50','2018-11-23 18:15:50',39),(15,39,2,78,33,'','','',1,'2018-11-23 18:19:25','2018-11-23 18:19:25',39),(16,16,2,77,8,'','','',1,'2018-11-23 18:19:57','2018-11-23 18:19:57',16),(17,16,2,79,8,'','','',1,'2018-11-23 18:21:46','2018-11-23 18:21:46',16),(18,16,2,80,8,'','','',1,'2018-11-23 18:23:33','2018-11-23 18:23:33',16),(19,15,2,81,11,'','','',1,'2018-11-23 18:27:29','2018-11-23 18:27:29',15),(20,39,2,82,34,'','','',1,'2018-11-23 18:28:31','2018-11-23 18:28:31',39),(21,16,2,83,8,'','','',1,'2018-11-23 18:34:08','2018-11-23 18:34:08',16),(22,39,2,84,35,'','','',1,'2018-11-23 18:41:18','2018-11-23 18:41:18',39),(23,16,3,85,8,'','','',1,'2018-11-23 18:42:08','2018-11-23 18:42:08',16),(24,15,1,86,11,'pay_BPM7MPKncqkGmc','order_BPM7D3KkCGBHPy','9ecd2a91ffff2c3cfe6cb0aefe0fe933374e2a5154027ef445882bdfa7605d8e',1,'2018-11-23 18:42:32','2018-11-23 18:42:32',15),(25,16,1,87,8,'pay_BPM8IEsaplvY4Y','order_BPM82zAbLPdrIE','4600c15b5869e95b46f09bf30886ca447c14d23cf200cfbb95f1688e548275aa',1,'2018-11-23 18:43:27','2018-11-23 18:43:27',16),(26,39,2,88,36,'','','',1,'2018-11-23 18:43:40','2018-11-23 18:43:40',39),(27,39,2,90,37,'','','',1,'2018-11-23 18:48:22','2018-11-23 18:48:22',39),(28,16,1,89,8,'pay_BPMBboqPg6YLLK','order_BPMB8h1BUwl4aG','dfddbf287e6a773e0024dab66aa169e83b5274b5a4dbe30d3aa3f9edb420a253',1,'2018-11-23 18:48:28','2018-11-23 18:48:28',16),(29,16,1,91,7,'pay_BPMFB8AkbxNoyU','order_BPMF2mEEZtFnAz','c4588b215d54fbe9f29b98f466fe6d5ee1ada28e0513837878ac8d4e86353dc9',1,'2018-11-23 18:49:54','2018-11-23 18:49:54',16),(30,39,2,92,38,'','','',1,'2018-11-23 18:50:02','2018-11-23 18:50:02',39),(31,39,1,93,39,'pay_BPMN2Npei74O0Y','','',1,'2018-11-23 18:57:20','2018-11-23 18:57:20',39),(32,16,3,94,8,'','','',1,'2018-11-26 10:03:21','2018-11-26 10:03:21',16),(33,39,2,95,40,'','','',1,'2018-11-26 10:12:11','2018-11-26 10:12:11',39),(34,39,2,96,41,'','','',1,'2018-11-26 10:30:09','2018-11-26 10:30:09',39),(35,39,1,97,42,'pay_BQPPtv92XjMsCb','','',1,'2018-11-26 10:35:08','2018-11-26 10:35:08',39),(36,39,2,98,43,'','','',1,'2018-11-26 10:37:28','2018-11-26 10:37:28',39),(37,16,1,101,7,'pay_BQPlp6JH6pMSdm','order_BQPlUgz7qK9mx4','5f555a896c3e065d1c364ba70cb2271df38590d08fcdcbc537bf11ab0938a0c1',1,'2018-11-26 10:56:09','2018-11-26 10:56:09',16),(38,39,2,117,51,'','','',1,'2018-11-26 12:37:53','2018-11-26 12:37:53',39),(39,16,2,123,8,'','','',1,'2018-11-26 13:46:42','2018-11-26 13:46:42',16),(40,16,1,125,7,'pay_BQTTDN2V71wnkk','order_BQTSzM2ZIXCaiP','065fbcd02a0cef44cd23294f4ab011adf7b30a7dfc4f2ebb6c3f05cddfe0ff55',1,'2018-11-26 14:33:11','2018-11-26 14:33:11',16),(41,16,2,126,8,'','','',1,'2018-11-26 15:24:16','2018-11-26 15:24:16',16),(42,1,1,127,1,'pay_BQUtJ6sjBM5LyU','order_BQUt6fxczeuqex','145de01a4ef86c34006818a9a99e509160bb0b9238de8072d1b32191ad6e237a',1,'2018-11-26 15:56:29','2018-11-26 15:56:29',1),(43,39,2,128,54,'','','',1,'2018-11-26 16:46:02','2018-11-26 16:46:02',39),(44,39,2,129,55,'','','',1,'2018-11-26 16:52:41','2018-11-26 16:52:41',39),(45,39,2,130,56,'','','',1,'2018-11-26 17:56:38','2018-11-26 17:56:38',39),(46,1,2,131,1,'','','',1,'2018-11-26 18:29:24','2018-11-26 18:29:24',1),(47,42,2,132,57,'','','',1,'2018-11-26 20:24:06','2018-11-26 20:24:06',42),(48,39,1,134,58,'pay_BQotDOOrAuirsB','','',1,'2018-11-27 11:30:14','2018-11-27 11:30:14',39),(49,39,2,135,59,'','','',1,'2018-11-27 11:34:33','2018-11-27 11:34:33',39),(50,39,2,136,60,'','','',1,'2018-11-27 11:51:40','2018-11-27 11:51:40',39),(51,46,1,137,61,'pay_BQqCLp4oXfqgHj','','',1,'2018-11-27 12:47:09','2018-11-27 12:47:09',46),(52,39,2,138,62,'','','',1,'2018-11-27 13:00:12','2018-11-27 13:00:12',39),(53,39,2,138,62,'','','',1,'2018-11-27 13:00:13','2018-11-27 13:00:13',39),(54,39,1,139,63,'pay_BQqRb9EbVmWTwW','','',1,'2018-11-27 13:01:29','2018-11-27 13:01:29',39),(55,39,2,140,64,'','','',1,'2018-11-27 13:02:27','2018-11-27 13:02:27',39),(56,46,1,141,65,'pay_BQqY2ITQstf9qX','','',1,'2018-11-27 13:07:37','2018-11-27 13:07:37',46),(57,46,1,142,66,'pay_BQqaHm9piWZLG6','','',1,'2018-11-27 13:09:42','2018-11-27 13:09:42',46),(58,46,1,143,69,'pay_BQqsTYm7oJKCTZ','','',1,'2018-11-27 13:27:21','2018-11-27 13:27:21',46),(59,46,1,148,71,'pay_BQrh3Z7BJwXh7y','','',1,'2018-11-27 14:14:48','2018-11-27 14:14:48',46),(60,46,1,149,72,'pay_BQrnGqWr6pAmDn','','',1,'2018-11-27 14:20:41','2018-11-27 14:20:41',46),(61,46,1,150,73,'pay_BQs3FQRNdinuLw','','',1,'2018-11-27 14:35:49','2018-11-27 14:35:49',46),(62,42,2,152,76,'','','',1,'2018-11-27 15:24:18','2018-11-27 15:24:18',42),(63,46,2,153,77,'','','',1,'2018-11-27 16:11:32','2018-11-27 16:11:32',46),(64,46,2,154,79,'','','',1,'2018-11-27 16:20:54','2018-11-27 16:20:54',46),(65,15,1,156,80,'pay_BQuoCMjFdNgtJ3','order_BQunxF4r87r6Ul','0376b8177d1c164998495d234ae6fc208902d21dabbb7e4790c70a6c1478b93b',1,'2018-11-27 17:17:40','2018-11-27 17:17:40',15),(66,42,2,157,81,'','','',1,'2018-11-27 18:41:14','2018-11-27 18:41:14',42),(67,39,1,159,82,'pay_BRBrcnNFWdkNZV','','',1,'2018-11-28 09:58:40','2018-11-28 09:58:40',39),(68,39,2,160,83,'','','',1,'2018-11-28 11:18:11','2018-11-28 11:18:11',39),(69,39,2,161,84,'','','',1,'2018-11-28 11:23:28','2018-11-28 11:23:28',39),(70,39,2,161,84,'','','',1,'2018-11-28 11:23:35','2018-11-28 11:23:35',39),(71,39,1,161,84,'pay_BRDJc2lgwfyYhr','','',1,'2018-11-28 11:23:52','2018-11-28 11:23:52',39),(72,39,2,161,85,'','','',1,'2018-11-28 11:25:03','2018-11-28 11:25:03',39),(73,1,1,28,8,'pay_BNep08Q3piWxXK','1','',1,'2018-11-28 11:25:04','2018-11-28 11:25:04',1),(74,39,2,161,85,'','','',1,'2018-11-28 11:25:35','2018-11-28 11:25:35',39),(75,39,2,162,86,'','','',1,'2018-11-28 11:42:39','2018-11-28 11:42:39',39),(76,40,1,165,87,'pay_BRDf10sCMwyTO4','','',1,'2018-11-28 11:44:34','2018-11-28 11:44:34',40),(77,40,1,166,88,'pay_BRDgLEYeYSeqTB','','',1,'2018-11-28 11:45:23','2018-11-28 11:45:23',40),(78,40,1,167,89,'pay_BRDhMml0DGJzjt','','',1,'2018-11-28 11:46:21','2018-11-28 11:46:21',40),(79,46,2,168,90,'','','',1,'2018-11-28 11:55:37','2018-11-28 11:55:37',46),(80,46,1,170,91,'pay_BRDwg5K8bb8dzp','','',1,'2018-11-28 12:00:56','2018-11-28 12:00:56',46),(81,39,1,171,93,'pay_BREBpfWzJSGGn1','','',1,'2018-11-28 12:15:11','2018-11-28 12:15:11',39),(82,39,2,172,95,'','','',1,'2018-11-28 12:18:58','2018-11-28 12:18:58',39),(83,39,1,173,96,'pay_BREJwrzb54SHw1','','',1,'2018-11-28 12:22:52','2018-11-28 12:22:52',39),(84,39,2,175,97,'','','',1,'2018-11-28 12:25:24','2018-11-28 12:25:24',39),(85,42,2,177,98,'','','',1,'2018-11-29 11:19:20','2018-11-29 11:19:20',42),(86,1,1,180,1,'pay_BTHNAtXhxONv0S','order_BTHN03gerTtbGo','00b921c28b81ee2d9bd1826927153ebcd0f1e2754dac01787a3ed35bffe9988b',1,'2018-12-03 16:40:12','2018-12-03 16:40:12',1),(87,1,3,181,1,'','','',1,'2018-12-03 16:41:53','2018-12-03 16:41:53',1);

/*Table structure for table `lab_patient_billing` */

DROP TABLE IF EXISTS `lab_patient_billing`;

CREATE TABLE `lab_patient_billing` (
  `l_t_b_id` int(11) NOT NULL AUTO_INCREMENT,
  `patient_id` int(11) DEFAULT NULL,
  `a_id` int(11) DEFAULT NULL,
  `mobile` varchar(45) DEFAULT NULL,
  `locality` varchar(250) DEFAULT NULL,
  `pincode` varchar(45) DEFAULT NULL,
  `address` text,
  `landmark` varchar(250) DEFAULT NULL,
  `address_lable` varchar(250) DEFAULT NULL,
  `status` int(11) DEFAULT NULL,
  `created_at` timestamp NOT NULL DEFAULT CURRENT_TIMESTAMP,
  `updated_at` timestamp NOT NULL DEFAULT CURRENT_TIMESTAMP,
  `created_by` int(11) DEFAULT NULL,
  PRIMARY KEY (`l_t_b_id`)
) ENGINE=InnoDB AUTO_INCREMENT=101 DEFAULT CHARSET=latin1;

/*Data for the table `lab_patient_billing` */

insert  into `lab_patient_billing`(`l_t_b_id`,`patient_id`,`a_id`,`mobile`,`locality`,`pincode`,`address`,`landmark`,`address_lable`,`status`,`created_at`,`updated_at`,`created_by`) values (1,NULL,1,'8500050944','Locality','516172','kothapalli village  khajipet  mandal','kothappali','Work',1,'2018-11-06 14:28:43','2018-11-06 14:28:43',1),(2,NULL,1,'8500050944','Locality','516172','kothapalli  vil  kadapa dist','kothappali','Home',1,'2018-11-06 16:22:14','2018-11-06 16:22:14',1),(3,NULL,1,'8500050944','Locality','516172','asu','kothappali','Home',1,'2018-11-06 16:37:30','2018-11-06 16:37:30',1),(4,NULL,41,'8500050944','Locality','516172','gfghfh','kothappali','Home',1,'2018-11-15 11:17:53','2018-11-15 11:17:53',41),(5,NULL,1,'8500050944','Locality','516172','testing','kothappali','Work',1,'2018-11-15 17:09:58','2018-11-15 17:09:58',1),(6,12,1,'8500050944','Locality','516172','ddsf','dsfsdf','Work',1,'2018-11-15 18:44:08','2018-11-15 18:44:08',1),(7,NULL,16,'9502710169','hyderabad','500035','nagole','sri chaitanya school','Other',1,'2018-11-21 12:48:53','2018-11-21 12:48:53',16),(8,NULL,16,'65465265555','hyd','500035','uppal','sri chaitanya school','Home',1,'2018-11-21 16:51:18','2018-11-21 16:51:18',16),(9,NULL,1,'8019345212','kukatpalli','500072','shesadri nagar','community hall','room address',1,'2018-11-23 14:12:02','2018-11-23 14:12:02',1),(10,NULL,39,'','dkydjxjx','598858','ydkdk\ni5d5k','tdjdtjx','Home',1,'2018-11-23 14:32:56','2018-11-23 14:32:56',39),(11,NULL,15,'7207900390','3rrs','444444','fgdfgdfg','dgdrdg','Other',1,'2018-11-23 14:34:24','2018-11-23 14:34:24',15),(12,NULL,39,'','dkydjxjx','598858','ydkdk\ni5d5k','tdjdtjx','Home',1,'2018-11-23 14:35:57','2018-11-23 14:35:57',39),(13,NULL,39,'','jsjjs','646649','jsjje\njs\n','nsjsjs','Home',1,'2018-11-23 15:19:47','2018-11-23 15:19:47',39),(14,NULL,39,'','jsjsj','649494','jdjjs\nnxn','usus','Work',1,'2018-11-23 15:39:03','2018-11-23 15:39:03',39),(15,NULL,39,'','jsjsj','649494','jdjjs\nnxn','usus','Work',1,'2018-11-23 15:39:20','2018-11-23 15:39:20',39),(16,NULL,39,'','jdjsj','616499','jsjsj\nj','jsjjs','Work',1,'2018-11-23 15:40:02','2018-11-23 15:40:02',39),(17,NULL,39,'','jsjjd','649499','jsj','usus','Work',1,'2018-11-23 15:40:47','2018-11-23 15:40:47',39),(18,NULL,39,'','hulydera','500083','kphp','kphp','Work',1,'2018-11-23 16:15:57','2018-11-23 16:15:57',39),(19,NULL,39,'','jshhshs','646499','nsjjs\nj','jsjjedj','Work',1,'2018-11-23 16:18:37','2018-11-23 16:18:37',39),(20,NULL,39,'','jej','944949','usueuej\njsj','jej','Other',1,'2018-11-23 16:22:49','2018-11-23 16:22:49',39),(21,NULL,39,'','ghj','555588','gfh','ghh','Other',1,'2018-11-23 16:25:23','2018-11-23 16:25:23',39),(22,NULL,39,'','jsjje','649499','jsjsjjsns','jsjjejjs','Work',1,'2018-11-23 16:46:47','2018-11-23 16:46:47',39),(23,NULL,39,'','12345','123456','12345','12345','Work',1,'2018-11-23 16:51:46','2018-11-23 16:51:46',39),(24,NULL,39,'','jsjjsjs','646949','usush','nsnne','Other',1,'2018-11-23 16:57:22','2018-11-23 16:57:22',39),(25,NULL,39,'','betul','460449','mq2228','near high school','Home',1,'2018-11-23 17:37:34','2018-11-23 17:37:34',39),(26,NULL,39,'','bhopal','460449','mq2228\nshobhapur coloney','mp','Home',1,'2018-11-23 17:40:03','2018-11-23 17:40:03',39),(27,NULL,39,'','bpl','460449','mq wwwk','mp','Work',1,'2018-11-23 17:42:55','2018-11-23 17:42:55',39),(28,NULL,39,'','hyd','500038','mq2228','kphp','Work',1,'2018-11-23 17:47:15','2018-11-23 17:47:15',39),(29,NULL,39,'','js','649499','jw\n','jw','Work',1,'2018-11-23 17:58:41','2018-11-23 17:58:41',39),(30,NULL,39,'','6ieid','352568','sjtd\n','td','Work',1,'2018-11-23 18:03:31','2018-11-23 18:03:31',39),(31,NULL,39,'','sarni','460449','mq','2228','Home',1,'2018-11-23 18:06:16','2018-11-23 18:06:16',39),(32,NULL,39,'','fff','555555','vf','ff','Other',1,'2018-11-23 18:15:42','2018-11-23 18:15:42',39),(33,NULL,39,'','gxuxr','865382','jdjr','jejejr','Work',1,'2018-11-23 18:19:10','2018-11-23 18:19:10',39),(34,NULL,39,'','hh','985555','ghh','uuy','Work',1,'2018-11-23 18:28:27','2018-11-23 18:28:27',39),(35,NULL,39,'','msmke','464664','usuejje','jejej','Other',1,'2018-11-23 18:41:15','2018-11-23 18:41:15',39),(36,NULL,39,'','hshjs','646679','shs','hahhz','Work',1,'2018-11-23 18:43:38','2018-11-23 18:43:38',39),(37,NULL,39,'','jsjjs','343466','usjsuhs','usuusus','Work',1,'2018-11-23 18:48:19','2018-11-23 18:48:19',39),(38,NULL,39,'','ieie','316646','nsn','jejej','Home',1,'2018-11-23 18:50:00','2018-11-23 18:50:00',39),(39,NULL,39,'','jsjdjs','346464','jsjej','nsnje','Home',1,'2018-11-23 18:57:02','2018-11-23 18:57:02',39),(40,NULL,39,'','guntur','445000','mq2228 sarni','vijaywada','Home',1,'2018-11-26 10:12:08','2018-11-26 10:12:08',39),(41,NULL,39,'','xyz city','123456','xyz building,xyz colony,xyz road\n','xyz temple','Other',1,'2018-11-26 10:30:03','2018-11-26 10:30:03',39),(42,NULL,39,'','Hyderabad','500038','prachatech pvt ltd','kphp','Work',1,'2018-11-26 10:34:49','2018-11-26 10:34:49',39),(43,NULL,39,'','ndjdjjd','649594','nsjsjjsnjdhd nejsjjdjdhe dhjdjsje dhejjwbebsj nsjsjejbsbe uisjs','ushehdhjsjsjdj','Other',1,'2018-11-26 10:37:25','2018-11-26 10:37:25',39),(44,NULL,39,'','12345','123456','12345','12345','Work',1,'2018-11-26 11:40:47','2018-11-26 11:40:47',39),(45,NULL,39,'','12345','123456','12345','12345','Work',1,'2018-11-26 11:40:47','2018-11-26 11:40:47',39),(46,NULL,39,'','jtdk','652554','iyeiy\nkyd\n','kydid','Work',1,'2018-11-26 11:52:56','2018-11-26 11:52:56',39),(47,NULL,39,'','dkydjxjx','598858','ydkdk\ni5d5k','tdjdtjx','Home',1,'2018-11-26 12:26:59','2018-11-26 12:26:59',39),(48,NULL,39,'','stjstj','759759','zgnztj\n','eykstjzgj','Work',1,'2018-11-26 12:28:28','2018-11-26 12:28:28',39),(49,NULL,39,'','dyjstj','464264','stjstjstj','stn','Work',1,'2018-11-26 12:31:56','2018-11-26 12:31:56',39),(50,NULL,39,'','betul','460449','mq2228','near high school','Home',1,'2018-11-26 12:36:01','2018-11-26 12:36:01',39),(51,NULL,39,'','guntur','445000','mq2228 sarni','vijaywada','Home',1,'2018-11-26 12:37:49','2018-11-26 12:37:49',39),(52,NULL,39,'','wjsjjs','949499','hshs','jejwjwj','Work',1,'2018-11-26 12:42:07','2018-11-26 12:42:07',39),(53,NULL,39,'','Hyderabad','500038','prachatech pvt ltd','kphp','Work',1,'2018-11-26 12:51:53','2018-11-26 12:51:53',39),(54,NULL,39,'','12345','123456','12345','12345','Work',1,'2018-11-26 16:45:58','2018-11-26 16:45:58',39),(55,NULL,39,'','dkydjxjx','598858','ydkdk\ni5d5k','tdjdtjx','Home',1,'2018-11-26 16:52:38','2018-11-26 16:52:38',39),(56,NULL,39,'','bpl','460449','mq wwwk','mp','Work',1,'2018-11-26 17:56:34','2018-11-26 17:56:34',39),(57,NULL,42,'','tirupati ','517501','ttt','kkk','Home',1,'2018-11-26 20:24:00','2018-11-26 20:24:00',42),(58,NULL,39,'','sarni','460449','mq','2228','Home',1,'2018-11-27 11:29:54','2018-11-27 11:29:54',39),(59,NULL,39,'','jsjsj','649494','jdjjs\nnxn','usus','Work',1,'2018-11-27 11:34:29','2018-11-27 11:34:29',39),(60,NULL,39,'','jsjs','646469','jsjsjsk\nj\nsksk','snjsjjsjs','Home',1,'2018-11-27 11:51:34','2018-11-27 11:51:34',39),(61,NULL,46,'','hyderabad','500035','kphb','sri chaitanya school','Home',1,'2018-11-27 12:45:33','2018-11-27 12:45:33',46),(62,NULL,39,'','dkydjxjx','598858','ydkdk\ni5d5k','tdjdtjx','Home',1,'2018-11-27 12:59:37','2018-11-27 12:59:37',39),(63,NULL,39,'','ntdtjdjd','927686','kydtkdkdk\nntdkdjtdjdjtdt','sjtdjtdkd','Work',1,'2018-11-27 13:01:04','2018-11-27 13:01:04',39),(64,NULL,39,'','dkydjxjx','598858','ydkdk\ni5d5k','tdjdtjx','Home',1,'2018-11-27 13:02:22','2018-11-27 13:02:22',39),(65,NULL,46,'','hyderabad','500035','kphb','sri chaitanya school','Home',1,'2018-11-27 13:06:36','2018-11-27 13:06:36',46),(66,NULL,46,'','hyd','500035','nagole','test','Home',1,'2018-11-27 13:09:29','2018-11-27 13:09:29',46),(67,NULL,46,'','hyderabad','500035','kphb','sri chaitanya school','Home',1,'2018-11-27 13:24:55','2018-11-27 13:24:55',46),(68,NULL,46,'','Hyderabad','502830','Ameerpet','Beside ICICI Bank','Other',1,'2018-11-27 13:26:14','2018-11-27 13:26:14',46),(69,NULL,46,'','Hyderabad','502830','Ameerpet','Beside ICICI Bank','Other',1,'2018-11-27 13:26:19','2018-11-27 13:26:19',46),(70,NULL,39,'','hshjshs','646649','jsjsjjs\n','isuuss','Work',1,'2018-11-27 14:06:20','2018-11-27 14:06:20',39),(71,NULL,46,'','hyderabad','500035','kphb','sri chaitanya school','Home',1,'2018-11-27 14:14:35','2018-11-27 14:14:35',46),(72,NULL,46,'','hyd','500035','nagole','test','Home',1,'2018-11-27 14:20:30','2018-11-27 14:20:30',46),(73,NULL,46,'','Hyderabad','502830','Ameerpet','Beside ICICI Bank','Other',1,'2018-11-27 14:35:26','2018-11-27 14:35:26',46),(74,NULL,46,'','Hyderabad','502830','Ameerpet','Beside ICICI Bank','Other',1,'2018-11-27 15:02:03','2018-11-27 15:02:03',46),(75,NULL,42,'','tt','581251','tt','as','Home',1,'2018-11-27 15:23:57','2018-11-27 15:23:57',42),(76,NULL,42,'','tt','581251','tt','as','Home',1,'2018-11-27 15:24:08','2018-11-27 15:24:08',42),(77,NULL,46,'','Hyderabad','502560','Madinaguda','Beside DPWS school','Work',1,'2018-11-27 16:11:25','2018-11-27 16:11:25',46),(78,NULL,46,'','Hyderabad','502560','Madinaguda','Beside DPWS school','Work',1,'2018-11-27 16:18:47','2018-11-27 16:18:47',46),(79,NULL,46,'','Hyderabad','502894','Lingumpalli','Behind anand apartments','Other',1,'2018-11-27 16:20:43','2018-11-27 16:20:43',46),(80,NULL,15,'','tpty','500072','tpty','tpty','Work',1,'2018-11-27 17:17:21','2018-11-27 17:17:21',15),(81,NULL,42,'','tpt','510222','tt','qq','Home',1,'2018-11-27 18:41:02','2018-11-27 18:41:02',42),(82,NULL,39,'','jsjjd','649499','jsj\n','usus','Work',1,'2018-11-28 09:58:04','2018-11-28 09:58:04',39),(83,NULL,39,'','dkydjxjx','598858','ydkdk\ni5d5k','tdjdtjx','Home',1,'2018-11-28 11:18:08','2018-11-28 11:18:08',39),(84,NULL,39,'','jsjsj','649494','jdjjs\nnxn','usus','Work',1,'2018-11-28 11:23:25','2018-11-28 11:23:25',39),(85,NULL,39,'','jsjsj','649494','jdjjs\nnxn','usus','Work',1,'2018-11-28 11:24:29','2018-11-28 11:24:29',39),(86,NULL,39,'','hyd','500038','mq2228','kphp','Work',1,'2018-11-28 11:42:31','2018-11-28 11:42:31',39),(87,NULL,40,'','hyderabad','500072','hyd','hyd','Home',1,'2018-11-28 11:43:55','2018-11-28 11:43:55',40),(88,NULL,40,'','hyderabad','500072','hyd','hyd','Home',1,'2018-11-28 11:45:11','2018-11-28 11:45:11',40),(89,NULL,40,'','hyderabad','500072','hyd','hyd','Home',1,'2018-11-28 11:46:11','2018-11-28 11:46:11',40),(90,NULL,46,'','Hyderabad','502569','sr nagar','Beside csi ','Work',1,'2018-11-28 11:55:32','2018-11-28 11:55:32',46),(91,NULL,46,'','Hyderabad','502569','sr nagar','Beside csi ','Work',1,'2018-11-28 12:00:35','2018-11-28 12:00:35',46),(92,NULL,39,'','guntur','445000','mq2228 sarni','vijaywada','Home',1,'2018-11-28 12:14:44','2018-11-28 12:14:44',39),(93,NULL,39,'','12345','123456','12345','12345','Work',1,'2018-11-28 12:15:02','2018-11-28 12:15:02',39),(94,NULL,39,'','jsjjsjs','646464','jshjs\njdjjeje\njdjsjjsjje','jsjjss','Other',1,'2018-11-28 12:18:52','2018-11-28 12:18:52',39),(95,NULL,39,'','jsjjsjs','646464','jshjs\njdjjeje\njdjsjjsjje','jsjjss','Other',1,'2018-11-28 12:18:53','2018-11-28 12:18:53',39),(96,NULL,39,'','unknown','248488','unknown','unknown','Home',1,'2018-11-28 12:22:40','2018-11-28 12:22:40',39),(97,NULL,39,'','unknown','248488','unknown','unknown','Home',1,'2018-11-28 12:25:17','2018-11-28 12:25:17',39),(98,NULL,42,'','tpt','517501','qq','kk','Home',1,'2018-11-29 11:19:12','2018-11-29 11:19:12',42),(99,NULL,42,'','tpt','517501','ttty','dff','Home',1,'2018-12-01 12:02:11','2018-12-01 12:02:11',42),(100,NULL,42,'','tpt','517501','tt','tt','Home',1,'2018-12-01 18:38:21','2018-12-01 18:38:21',42);

/*Table structure for table `lab_patient_details` */

DROP TABLE IF EXISTS `lab_patient_details`;

CREATE TABLE `lab_patient_details` (
  `l_t_a_id` int(11) NOT NULL AUTO_INCREMENT,
  `a_id` int(11) DEFAULT NULL,
  `date` varchar(250) DEFAULT NULL,
  `time` varchar(250) DEFAULT NULL,
  `name` varchar(250) DEFAULT NULL,
  `mobile` varchar(45) DEFAULT NULL,
  `age` varchar(250) DEFAULT NULL,
  `email` varchar(250) DEFAULT NULL,
  `gender` varchar(250) DEFAULT NULL,
  `status` int(11) DEFAULT '1',
  `created_at` timestamp NOT NULL DEFAULT CURRENT_TIMESTAMP,
  `updated_at` timestamp NOT NULL DEFAULT CURRENT_TIMESTAMP,
  `created_by` int(11) DEFAULT NULL,
  PRIMARY KEY (`l_t_a_id`)
) ENGINE=InnoDB AUTO_INCREMENT=182 DEFAULT CHARSET=latin1;

/*Data for the table `lab_patient_details` */

insert  into `lab_patient_details`(`l_t_a_id`,`a_id`,`date`,`time`,`name`,`mobile`,`age`,`email`,`gender`,`status`,`created_at`,`updated_at`,`created_by`) values (1,1,NULL,'06:30 am','vasudevareddy','8500050944','26','admin@gmail.com','Male',1,'2018-11-06 12:54:42','2018-11-06 12:54:42',1),(2,1,'','','','8500050944','','','',1,'2018-11-06 14:20:53','2018-11-06 14:20:53',1),(3,1,'2018-11-06','07:00 am','vasudevareddy','8500050944','26','admin@gmail.com','Male',1,'2018-11-06 16:07:51','2018-11-06 16:07:51',1),(4,1,'2018-11-06','06:30 am','vasudevareddy','8500050944','26','admin@gmail.com','Male',1,'2018-11-06 16:14:00','2018-11-06 16:14:00',1),(5,1,'2018-11-06','06:30 am','vasudevareddy','8500050944','26','admin@gmail.com','Male',1,'2018-11-06 16:17:40','2018-11-06 16:17:40',1),(6,1,'2018-11-06','06:00 am','vasudevareddy','8500050944','26','admin@gmail.com','Female',1,'2018-11-06 16:20:14','2018-11-06 16:20:14',1),(7,41,'2018-11-15','06:00 am','vasudevareddy','8500050944','26','admin@gmail.com','Male',1,'2018-11-15 11:17:39','2018-11-15 11:17:39',41),(8,1,'2018-11-15','06:00 am','Ajay','8500050944','26','adminvasu@gmail.com','Male',1,'2018-11-15 17:09:34','2018-11-15 17:09:34',1),(9,1,'2018-11-15','06:00 am','patient details','8500050944','26','patient@gmail.com','Male',1,'2018-11-15 18:27:49','2018-11-15 18:27:49',1),(12,1,'2018-11-22','06:00 am','dabur','8688683222','26','dabur@gmail.com','Female',1,'2018-11-15 18:40:05','2018-11-15 18:40:05',1),(13,1,'2018-11-16','06:00 am','vasudevareddy','8500050944','26','adminxczx@gmail.com','Female',1,'2018-11-16 11:16:05','2018-11-16 11:16:05',1),(14,1,'2018-11-16','06:00 am','Admin','8500050944','26','admin@gmail.com','Male',1,'2018-11-16 12:44:43','2018-11-16 12:44:43',1),(15,1,'2018-11-16','06:00 am','Admin','8500050944','26','admin@gmail.com','Female',1,'2018-11-16 17:54:41','2018-11-16 17:54:41',1),(16,1,'2018-11-19','06:30 am','Admin','8500050944','26','admin@gmail.com','Male',1,'2018-11-19 10:26:31','2018-11-19 10:26:31',1),(17,1,'2018-11-19','01:30 pm','Admin','8500050944','26','admin@gmail.com','Female',1,'2018-11-19 10:35:05','2018-11-19 10:35:05',1),(18,1,'2018-11-19','06:00 am','vasudeva reddy r','8500050944','26','admin@gmail.com','Male',1,'2018-11-19 11:05:35','2018-11-19 11:05:35',1),(19,1,'2018-11-19','06:30 am','Admin','8500050944','26','admin@gmail.com','Male',1,'2018-11-19 11:34:29','2018-11-19 11:34:29',1),(20,1,'2018-11-20','09:30 am','56','8500050944','56','56@gmail.com','Male',1,'2018-11-19 11:36:43','2018-11-19 11:36:43',1),(21,1,'2018-11-20','06:30 am','testing like that','8500050944','29','admintesting@gmail.com','Male',1,'2018-11-19 12:31:06','2018-11-19 12:31:06',1),(22,1,'2018-11-20','07:30 am','vassudevareddy','8500050944','32','admintesting@gmail.com','Male',1,'2018-11-19 12:35:26','2018-11-19 12:35:26',1),(23,1,'2018-11-21','07:00 am','raghu','8500050944','29','raghu@gmail.com','Male',1,'2018-11-19 12:45:15','2018-11-19 12:45:15',1),(24,1,'2018-11-20','09:30 am','pushkar','8500050944','22','admin@gmail.com','Male',1,'2018-11-19 13:02:13','2018-11-19 13:02:13',1),(25,1,'2018-11-20','11:30 am','raghu','8500050944','25','raghu@gmail.com','Male',1,'2018-11-19 13:04:52','2018-11-19 13:04:52',1),(26,16,'2018-11-22','03:00 pm','sow','9502710169','25','sow@gmail.com','Female',1,'2018-11-21 12:46:32','2018-11-21 12:46:32',16),(27,16,'2018-11-08','02:00 pm','anu','9502710179','25','anu.kulkarni3592@gmail.com','Female',1,'2018-11-21 13:07:52','2018-11-21 13:07:52',16),(28,16,'2018-11-13','07:30 am','swathi','9502464646','25','swathi@gmail.com','Female',1,'2018-11-21 13:17:00','2018-11-21 13:17:00',16),(29,16,'2018-11-22','08:00 am','renu','9502464646','25','renu@gmail.com','Female',1,'2018-11-21 13:24:53','2018-11-21 13:24:53',16),(30,16,'2:30','11:30 am','harika','35659976555','23','harika@gmail.com','Female',1,'2018-11-21 16:50:12','2018-11-21 16:50:12',16),(31,16,'2018-11-26','11:00 am','karuna','8565548885','20','karuna@gmail.com','Female',1,'2018-11-22 11:06:28','2018-11-22 11:06:28',16),(32,16,'2018-11-23','10:30 am','karuna','9786213466','21','karuna@gmail.com','Female',1,'2018-11-22 16:03:03','2018-11-22 16:03:03',16),(33,16,'2018-11-23','01:30 pm','keerthi','9545151265','25','keerthi@gmail.com','Female',1,'2018-11-22 16:04:33','2018-11-22 16:04:33',16),(34,16,'2018-11-14','07:00 am','anu','67656822222','25','anu@gmail.com','Female',1,'2018-11-22 16:12:19','2018-11-22 16:12:19',16),(35,1,'2018-11-06','07:00 am','vasudevareddy','8500050944','26','test@gmail.com','Male',1,'2018-11-23 12:08:14','2018-11-23 12:08:14',1),(36,39,'2018-11-30','09:00 am','sjjs','6464646466','67','nsnns@jsjs.hhj','Male',1,'2018-11-23 12:20:50','2018-11-23 12:20:50',39),(37,39,'2018-11-30','09:00 am','e5jsth','2265394597','75','zrbzf@stjstj.xgnfz','Female',1,'2018-11-23 12:21:36','2018-11-23 12:21:36',39),(38,39,'2018-11-30','07:30 am','jsj','9564646466','97','hshsh@hs.sh','Others',1,'2018-11-23 12:28:22','2018-11-23 12:28:22',39),(39,39,'2018-11-30','09:30 am','usjsj','6464646646','94','bshjsjs@jsj.jsjs','Male',1,'2018-11-23 12:28:51','2018-11-23 12:28:51',39),(40,15,'2018-11-02','06:30 am','bhupendra','1111111111','24','aaaa@gmail.com','Male',1,'2018-11-23 12:30:36','2018-11-23 12:30:36',15),(41,39,'2018-11-30','08:30 am','sjhdh','6464949488','97','bzbshhs@bshhs.nsbsh','Male',1,'2018-11-23 12:32:08','2018-11-23 12:32:08',39),(42,39,'2018-11-24','09:00 am','jtdj','6277627676','95','bdD@ffg.vvh','Female',1,'2018-11-23 14:24:12','2018-11-23 14:24:12',39),(43,39,'2018-11-24','09:00 am','aaaa','9904916548','24','hs@hhh.com','Male',1,'2018-11-23 14:27:39','2018-11-23 14:27:39',39),(44,39,'2018-11-24','09:30 am','kg','6249582686','95','fbzbfzn@sjt.fvh','Male',1,'2018-11-23 14:30:59','2018-11-23 14:30:59',39),(45,39,'2018-11-23','07:00 am','ktd','3557657272','55','g@gg.bcd','Female',1,'2018-11-23 14:32:37','2018-11-23 14:32:37',39),(46,15,'2018-11-01','08:00 am','drgdr','8319587562','44','edu.bhupendra@gmail.com','Male',1,'2018-11-23 14:34:02','2018-11-23 14:34:02',15),(47,15,'2018-11-14','06:00 am','bhupendra','7207900390','55','bhupendra9575@gmail.com','Male',1,'2018-11-23 14:51:32','2018-11-23 14:51:32',15),(48,39,'2018-11-24','09:00 am','ususjsj','6164664994','64','hsh@jsj.jshsj','Male',1,'2018-11-23 15:19:34','2018-11-23 15:19:34',39),(49,39,'2018-11-24','08:30 am','jxjd','6766498649','64','bxnzn@jsjs.ndjd','Male',1,'2018-11-23 15:38:54','2018-11-23 15:38:54',39),(50,39,'2018-11-24','09:00 am','jdjs','6466497949','64','nsnns@jdj.jdjd','Male',1,'2018-11-23 15:39:54','2018-11-23 15:39:54',39),(51,39,'2018-11-24','10:00 am','snns','6466494994','94','snnsns@ksj.sjs','Male',1,'2018-11-23 15:40:37','2018-11-23 15:40:37',39),(52,39,'2018-11-30','09:30 am','sahu','9907449461','25','bhupi@gmail.vsom','Male',1,'2018-11-23 16:15:32','2018-11-23 16:15:32',39),(53,39,'2018-11-30','10:00 am','hshs','6464946496','94','nsn@hsh.bsnns','Male',1,'2018-11-23 16:18:27','2018-11-23 16:18:27',39),(54,39,'2018-11-30','08:30 am','nsndn','9595964994','95','bsbns@ge.nsn','Male',1,'2018-11-23 16:22:37','2018-11-23 16:22:37',39),(55,39,'2018-11-24','08:30 am','ggh','6998555555','35','bgjb@fgh.hjj','Others',1,'2018-11-23 16:25:15','2018-11-23 16:25:15',39),(56,15,'2018-11-11','12:30 pm','bhupi','8319587562','88','bhupendra2469@gmail.com','Male',1,'2018-11-23 16:35:47','2018-11-23 16:35:47',15),(57,1,'2018-11-23','12:00 pm','Admin','8500050944','25','admin@gmail.com','Female',1,'2018-11-23 16:44:57','2018-11-23 16:44:57',1),(58,39,'2018-11-24','10:30 am','sahu','9907449461','25','bhupi@gmail.com','Male',1,'2018-11-23 16:46:35','2018-11-23 16:46:35',39),(59,39,'2018-11-30','12:30 pm','om','1234567890','27','om@gmail.com','Male',1,'2018-11-23 16:51:28','2018-11-23 16:51:28',39),(60,39,'2018-11-24','10:00 am','shan','9696969696','30','shan@gmail.on','Male',1,'2018-11-23 16:57:15','2018-11-23 16:57:15',39),(61,15,'2018-11-24','03:00 pm','raghu','9581758358','23','raghuram7577@gmail.com','Male',1,'2018-11-23 17:32:08','2018-11-23 17:32:08',15),(62,39,'2018-11-27','09:00 am','Bhupendra sahu','9907449461','25','bhupendra@gmail.com','Male',1,'2018-11-23 17:37:04','2018-11-23 17:37:04',39),(63,39,'2018-11-27','09:00 am','Bhupendra sahu','9907449461','25','bhupi@gmail.com','Male',1,'2018-11-23 17:39:32','2018-11-23 17:39:32',39),(64,1,'2018-11-23','10:30 am','Admin','8500050944','26','admin@gmail.com','Male',1,'2018-11-23 17:39:54','2018-11-23 17:39:54',1),(65,39,'2018-11-27','09:00 am','bhupi kumar sahu','8395876562','25','sahu@gmail.com','Male',1,'2018-11-23 17:42:38','2018-11-23 17:42:38',39),(66,15,'2018-11-30','02:30 pm','raghu','9581758358','22','raghuram7577@gmail.com','Male',1,'2018-11-23 17:43:09','2018-11-23 17:43:09',15),(67,39,'2018-11-24','09:00 am','sahu','9464554849','22','bhupi@gmail.com','Male',1,'2018-11-23 17:46:38','2018-11-23 17:46:38',39),(68,39,'2018-11-27','11:00 am','sahu','9907449461','25','bsh@gmail.xon','Male',1,'2018-11-23 17:58:31','2018-11-23 17:58:31',39),(69,39,'2018-11-27','10:00 am','gx','5826895888','95','jgxfxjxtj@jtx.gff','Male',1,'2018-11-23 18:03:18','2018-11-23 18:03:18',39),(70,1,'2018-11-23','12:00 pm','Admin','8500050944','26','admin@gmail.com','Female',1,'2018-11-23 18:04:51','2018-11-23 18:04:51',1),(71,39,'2018-11-27','10:00 am','sahu','1111111111','25','aaa@gmail.com','Male',1,'2018-11-23 18:06:01','2018-11-23 18:06:01',39),(72,16,'2018-11-24','11:30 am','harika','9565565655','25','anu@gmail.com','Female',1,'2018-11-23 18:10:25','2018-11-23 18:10:25',16),(73,15,'2018-11-24','02:30 pm','raghu','9581758358','23','raghuram8328@gmail.com','Male',1,'2018-11-23 18:10:45','2018-11-23 18:10:45',15),(74,16,'2018-11-24','09:00 am','Keerthi','9786213466','21','karuna@gmail.com','Female',1,'2018-11-23 18:11:17','2018-11-23 18:11:17',16),(75,16,'2018-11-24','11:30 am','Keerthi','9786213466','21','karuna@gmail.com','Female',1,'2018-11-23 18:12:27','2018-11-23 18:12:27',16),(76,39,'2018-11-27','09:30 am','d','5855555888','88','ccc@js.dnd','Male',1,'2018-11-23 18:15:33','2018-11-23 18:15:33',39),(77,16,'2018-11-24','11:30 am','sri','9502710179','25','sri@gmail.com','Female',1,'2018-11-23 18:18:07','2018-11-23 18:18:07',16),(78,39,'2018-11-28','09:30 am','ve','6255959599','59','svs@gehs.gdh','Male',1,'2018-11-23 18:18:58','2018-11-23 18:18:58',39),(79,16,'2018-11-24','11:00 am','df','9502710179','46','anu.kulkarni3592@gmail.com','Female',1,'2018-11-23 18:21:38','2018-11-23 18:21:38',16),(80,16,'2018-11-27','10:30 am','Keerthi','9550252384','21','inventory@gmail.com','Female',1,'2018-11-23 18:23:21','2018-11-23 18:23:21',16),(81,15,'2018-11-29','03:00 pm','raghu','8328589782','22','raghuram7577@gmail.com','Male',1,'2018-11-23 18:26:55','2018-11-23 18:26:55',15),(82,39,'2018-11-30','12:30 pm','yy','3366555556','66','gg@ghy.bhh','Male',1,'2018-11-23 18:28:18','2018-11-23 18:28:18',39),(83,16,'2018-11-25','07:00 am','hfh','9502710179','25','anu.kulkarni3592@gmail.com','Female',1,'2018-11-23 18:33:57','2018-11-23 18:33:57',16),(84,39,'2018-11-25','09:00 am','usj','6466564694','94','bsb@jwj.nsns','Male',1,'2018-11-23 18:41:03','2018-11-23 18:41:03',39),(85,16,'2018-11-25','08:30 am','anu','9502710179','25','anu.kulkarni3592@gmail.com','Female',1,'2018-11-23 18:41:53','2018-11-23 18:41:53',16),(86,15,'2018-11-24','08:00 am','Raghu','9581758358','23','raghuram7577@gmail.com','Male',1,'2018-11-23 18:42:15','2018-11-23 18:42:15',15),(87,16,'2018-11-25','12:00 pm','anu','9502710179','25','anu.kulkarni3592@gmail.com','Female',1,'2018-11-23 18:43:03','2018-11-23 18:43:03',16),(88,39,'2018-11-24','06:00 am','jz','4646497964','79','nzb@hs.hsjs','Male',1,'2018-11-23 18:43:28','2018-11-23 18:43:28',39),(89,16,'2018-11-24','11:30 am','karuna','8500050944','24','karuna@gmail.com','Female',1,'2018-11-23 18:45:49','2018-11-23 18:45:49',16),(90,39,'2018-11-29','09:30 am','jdj','6464949949','68','zbbs@jsjs.jsjjs','Male',1,'2018-11-23 18:48:09','2018-11-23 18:48:09',39),(91,16,'2018-11-28','02:30 pm','arya','9502710179','25','anu.kulkarni3592@gmail.com','Female',1,'2018-11-23 18:49:31','2018-11-23 18:49:31',16),(92,39,'2018-11-23','09:00 am','nzhs','9166165695','65','bsb@bsj.nshs','Male',1,'2018-11-23 18:49:51','2018-11-23 18:49:51',39),(93,39,'2018-11-24','10:00 am','jejej','6466464964','94','bsbe@bsb.jsjsn','Male',1,'2018-11-23 18:56:52','2018-11-23 18:56:52',39),(94,16,'2018-11-27','01:30 pm','Devu','9550252384','18','devu@gmail.com','Female',1,'2018-11-26 10:03:02','2018-11-26 10:03:02',16),(95,39,'2018-11-30','09:30 am','yani','9999999999','22','yani@gmail.com','Female',1,'2018-11-26 10:11:33','2018-11-26 10:11:33',39),(96,39,'2018-11-30','09:30 am','xyz','1010101010','25','xyz@gmial.com','Others',1,'2018-11-26 10:29:07','2018-11-26 10:29:07',39),(97,39,'2018-11-27','09:30 am','birthday','9907449461','26','birthday@co.com','Male',1,'2018-11-26 10:34:19','2018-11-26 10:34:19',39),(98,39,'2018-11-30','09:00 am','jsjse','6416464664','94','bsbshj@jsjs.ndn','Male',1,'2018-11-26 10:37:06','2018-11-26 10:37:06',39),(99,15,'2018-11-30','06:00 am','bhupendra','7207900390','25','aaaa@gmail.com','Male',1,'2018-11-26 10:41:21','2018-11-26 10:41:21',15),(100,39,'2018-11-30','09:00 am','nzn','9598994949','94','nsb@nsjs.bzjsj','Male',1,'2018-11-26 10:49:52','2018-11-26 10:49:52',39),(101,16,'2018-12-01','08:30 am','sruthi','9502710179','20','anu.kulkarni3592@gmail.com','Female',1,'2018-11-26 10:50:10','2018-11-26 10:50:10',16),(102,16,'2018-12-04','11:00 am','sai','9502710179','25','anu.kulkarni3592@gmail.com','Female',1,'2018-11-26 11:22:58','2018-11-26 11:22:58',16),(103,39,'2018-11-30','09:30 am','cigccuugc','6060506505','65','gy@ft.bvh','Male',1,'2018-11-26 11:36:56','2018-11-26 11:36:56',39),(104,39,'2018-11-30','08:30 am','sahu testing','5000500006','25','test@gamil.com','Male',1,'2018-11-26 11:47:28','2018-11-26 11:47:28',39),(105,39,'2018-11-29','11:30 am','test','2222222222','55','test@gmeil.vim','Male',1,'2018-11-26 11:49:48','2018-11-26 11:49:48',39),(106,39,'2018-11-29','11:30 am','test','2222222222','55','test@gmeil.vim','Male',1,'2018-11-26 11:50:04','2018-11-26 11:50:04',39),(107,39,'2018-11-29','11:30 am','test','2222222222','55','test@gmeil.vim','Male',1,'2018-11-26 11:50:12','2018-11-26 11:50:12',39),(108,39,'2018-11-29','11:30 am','test','2222222222','55','test@gmeil.vim','Male',1,'2018-11-26 11:52:41','2018-11-26 11:52:41',39),(109,39,'2018-11-29','10:00 am','ggb','9668888888','99','vvvv@cgh.vhj','Male',1,'2018-11-26 12:00:48','2018-11-26 12:00:48',39),(110,55,'2018-11-27','09:00 am','kumar','9900990000','25','kumar@gmail.com','Male',1,'2018-11-26 12:08:50','2018-11-26 12:08:50',55),(111,55,'2018-11-27','09:00 am','kumar','9900990000','25','kumar@gmail.com','Male',1,'2018-11-26 12:09:27','2018-11-26 12:09:27',55),(112,55,'2018-11-30','09:30 am','nsb','7999595994','94','nsn@je.bsj','Male',1,'2018-11-26 12:11:04','2018-11-26 12:11:04',55),(113,55,'2018-11-29','10:00 am','ykdtj','5698698675','42','zfb@stj.stjtts','Male',1,'2018-11-26 12:24:12','2018-11-26 12:24:12',55),(114,39,'2018-11-30','06:30 am','mmmmmm','5555555555','55','555@555.com','Male',1,'2018-11-26 12:26:35','2018-11-26 12:26:35',39),(115,39,'2018-11-29','10:00 am','xgnstnysnst','4292497594','75','Fv@Fb.sfb','Male',1,'2018-11-26 12:30:12','2018-11-26 12:30:12',39),(116,39,'2018-11-26','10:30 am','jejje','9196165994','95','bsb@bene.bzns','Male',1,'2018-11-26 12:34:00','2018-11-26 12:34:00',39),(117,39,'2019-01-01','12:00 pm','new year','0001012019','99','new@year.com','Male',1,'2018-11-26 12:37:27','2018-11-26 12:37:27',39),(118,39,'2018-11-28','08:30 am','black','8888888888','25','black@gmaol.vim','Male',1,'2018-11-26 12:38:32','2018-11-26 12:38:32',39),(119,39,'2018-11-28','08:30 am','black','8888888888','25','black@gmaol.vim','Male',1,'2018-11-26 12:38:44','2018-11-26 12:38:44',39),(120,39,'2018-11-30','10:00 am','ts','3865985979','95','nfzfnzn@ng.bhh','Male',1,'2018-11-26 12:42:45','2018-11-26 12:42:45',39),(121,39,'2018-11-30','09:00 am','kksjs','2264646664','94','bsnns@nsj.nsns','Male',1,'2018-11-26 12:45:36','2018-11-26 12:45:36',39),(122,39,'2018-11-30','09:00 am','jsjdhd','6565665656','97','bzhs@hshs.bsjs','Male',1,'2018-11-26 12:51:36','2018-11-26 12:51:36',39),(123,16,'2018-11-27','01:30 pm','Aruna','9550252384','24','aryasatheesan12345@gmail.com','Female',1,'2018-11-26 13:43:37','2018-11-26 13:43:37',16),(124,16,'2018-11-28','01:00 pm','weddrqwert','4665541625','25','asd@gmail.com','Male',1,'2018-11-26 14:23:18','2018-11-26 14:23:18',16),(125,16,'2018-11-27','07:00 am','Karthika','9550252384','26','aryasatheesan12345@gmail.com','Female',1,'2018-11-26 14:32:36','2018-11-26 14:32:36',16),(126,16,'2018-12-07','10:30 am','siri','9550252384','24','aryasatheesan12345@gmail.com','Female',1,'2018-11-26 15:24:08','2018-11-26 15:24:08',16),(127,1,'2018-11-28','11:00 am','dabur','9494346081','26','admin@gmail.com','Male',1,'2018-11-26 15:56:07','2018-11-26 15:56:07',1),(128,39,'2019-01-01','12:00 pm','new year party','9907449461','26','bhupendra2469@gmail.com','Male',1,'2018-11-26 16:45:36','2018-11-26 16:45:36',39),(129,39,'2018-12-31','12:30 pm','end 2018','9907449461','25','bhupendra2469@gmail.com','Male',1,'2018-11-26 16:52:36','2018-11-26 16:52:36',39),(130,39,'2018-11-30','09:00 am','kt','6579059880','58','rjzjt@tox.ghj','Male',1,'2018-11-26 17:56:18','2018-11-26 17:56:18',39),(131,1,'2018-11-29','11:30 am','think','8500050944','26','thing@gmail.com','Male',1,'2018-11-26 18:29:16','2018-11-26 18:29:16',1),(132,42,'2018-11-27','09:30 am','banu','9949905189','30','babu@gmail.com','Male',1,'2018-11-26 20:23:38','2018-11-26 20:23:38',42),(133,39,'2018-11-30','09:30 am','yjygf','5556988788','55','ffg@df.bhh','Male',1,'2018-11-27 11:26:47','2018-11-27 11:26:47',39),(134,39,'2018-11-29','09:30 am','hzje','6262646919','64','hshs@hsj.jsjs','Male',1,'2018-11-27 11:29:37','2018-11-27 11:29:37',39),(135,39,'2018-11-30','09:00 am','ykd','9589689893','58','gd@jf.fgh','Male',1,'2018-11-27 11:34:21','2018-11-27 11:34:21',39),(136,39,'2018-11-30','09:00 am','jdjejje','6164664964','64','hahsj@jsjs.nsjs','Male',1,'2018-11-27 11:51:17','2018-11-27 11:51:17',39),(137,46,'2018-11-28','03:00 pm','arya','9502710179','25','anu.kulkarni3592@gmail.com','Female',1,'2018-11-27 12:44:35','2018-11-27 12:44:35',46),(138,39,'2018-11-30','09:00 am','h','2685856868','59','gjx@g.jgx','Male',1,'2018-11-27 12:59:34','2018-11-27 12:59:34',39),(139,39,'2018-11-30','09:30 am','jtdid','3256252826','62','gxj@gndk.jtsj','Male',1,'2018-11-27 13:00:46','2018-11-27 13:00:46',39),(140,39,'2018-11-30','09:30 am','ktdj','6276286856','65','5hfz@gx.jrs','Male',1,'2018-11-27 13:02:19','2018-11-27 13:02:19',39),(141,46,'2018-11-28','09:30 am','sri','9502710179','25','anu.kulkarni3592@gmail.com','Female',1,'2018-11-27 13:06:30','2018-11-27 13:06:30',46),(142,46,'2018-11-28','10:00 am','arya','9502710179','24','anu.kulkarni3592@gmail.com','Female',1,'2018-11-27 13:09:06','2018-11-27 13:09:06',46),(143,46,'2018-12-01','08:00 am','Anu','9550252384','25','aryasatheesan12345@gmail.com','Female',1,'2018-11-27 13:24:13','2018-11-27 13:24:13',46),(144,46,'2018-12-18','09:00 am','so','5866888668','55','ar@gmail.com','Female',1,'2018-11-27 13:29:35','2018-11-27 13:29:35',46),(145,46,'2018-11-30','09:30 am','dj','3988946799','25','aag@gmail.com','Female',1,'2018-11-27 14:02:44','2018-11-27 14:02:44',46),(146,46,'2018-11-30','09:30 am','dj','3988946799','25','aag@gmail.com','Female',1,'2018-11-27 14:03:01','2018-11-27 14:03:01',46),(147,39,'2018-11-30','09:30 am','usus','9464566464','94','bsh@jsj.bshs','Male',1,'2018-11-27 14:05:43','2018-11-27 14:05:43',39),(148,46,'2018-11-28','09:30 am','sai','9502710179','25','anu.kulkarni3592@gmail.com','Male',1,'2018-11-27 14:14:31','2018-11-27 14:14:31',46),(149,46,'2018-11-28','08:30 am','jaanu','9502710179','24','anu.kulkarni3592@gmail.com','Female',1,'2018-11-27 14:20:23','2018-11-27 14:20:23',46),(150,46,'2018-11-29','09:30 am','sid','9550252384','21','sid@gmail.com','Male',1,'2018-11-27 14:35:11','2018-11-27 14:35:11',46),(151,46,'2018-12-05','09:30 am','sai','9550252384','21','aryasatheesan12345@gmail.com','Female',1,'2018-11-27 15:01:55','2018-11-27 15:01:55',46),(152,42,'2018-11-28','07:30 am','aa','9949905189','30','aaaaa@gmail.com','Male',1,'2018-11-27 15:23:29','2018-11-27 15:23:29',42),(153,46,'2018-12-06','10:00 am','priya','9550252384','21','aryasatheesan12345@gmail.com','Female',1,'2018-11-27 16:10:29','2018-11-27 16:10:29',46),(154,46,'2018-12-04','08:30 am','mouni','9550252384','24','aryasatheesan12345@gmail.com','Female',1,'2018-11-27 16:18:24','2018-11-27 16:18:24',46),(155,46,'2018-12-02','09:30 am','at','4866885959','21','sd@gmail.com','Male',1,'2018-11-27 16:25:28','2018-11-27 16:25:28',46),(156,15,'2018-11-30','01:00 pm','raghu','9949905189','30','babuchwdr@gmail.com','Male',1,'2018-11-27 17:16:50','2018-11-27 17:16:50',15),(157,42,'2018-11-28','07:30 am','btt','9949905189','30','ass@gmai.com','Male',1,'2018-11-27 18:40:38','2018-11-27 18:40:38',42),(158,39,'2018-11-30','08:30 am','tjeyk','5313426429','45','Fbafbstjsyjsyn@ge.dh','Male',1,'2018-11-28 09:56:03','2018-11-28 09:56:03',39),(159,39,'2018-11-30','08:30 am','3je6j','5313613912','45','afb@sg.dh','Male',1,'2018-11-28 09:56:55','2018-11-28 09:56:55',39),(160,39,'2018-12-31','10:00 am','new pack ','3336666666','25','test@gmail.com','Male',1,'2018-11-28 11:17:41','2018-11-28 11:17:41',39),(161,39,'2018-11-29','08:00 am','again new pack','9907449461','22','newpack@gmsil.chj','Male',1,'2018-11-28 11:23:20','2018-11-28 11:23:20',39),(162,39,'2018-11-30','09:00 am','uuuuuuu','3333333333','66','uuu@uuu.com','Female',1,'2018-11-28 11:42:17','2018-11-28 11:42:17',39),(163,40,'2018-11-29','09:30 am','raghu','9581758358','22','raghu@gmail.com','Male',1,'2018-11-28 11:43:29','2018-11-28 11:43:29',40),(164,40,'2018-11-29','09:30 am','raghu','9581758358','22','raghu@gmail.com','Male',1,'2018-11-28 11:43:29','2018-11-28 11:43:29',40),(165,40,'2018-11-29','09:30 am','raghu','9581758358','22','raghu@gmail.com','Male',1,'2018-11-28 11:43:33','2018-11-28 11:43:33',40),(166,40,'2018-11-30','11:30 am','gg','9581758358','28','ffg@gmail.com','Male',1,'2018-11-28 11:45:09','2018-11-28 11:45:09',40),(167,40,'2018-11-30','03:30 pm','raghu','9581758358','23','raghu@gmail.com','Male',1,'2018-11-28 11:46:08','2018-11-28 11:46:08',40),(168,46,'2018-12-05','10:00 am','remya','9550252384','22','aryasatheesan12345@gmail.com','Female',1,'2018-11-28 11:54:05','2018-11-28 11:54:05',46),(169,46,'2018-11-30','09:30 am','aug','0896888698','28','ad@gmail.com','Male',1,'2018-11-28 11:57:56','2018-11-28 11:57:56',46),(170,46,'2018-12-08','04:00 pm','Niya','9550252384','28','aryasatheesan12345@gmail.com','Female',1,'2018-11-28 12:00:16','2018-11-28 12:00:16',46),(171,39,'2018-11-29','08:30 am','pppppp','6466664646','64','ppp@jsj.bzj','Male',1,'2018-11-28 12:14:33','2018-11-28 12:14:33',39),(172,39,'2018-11-30','09:00 am','hH','9194646646','64','bsbs@nsn.hsj','Male',1,'2018-11-28 12:18:27','2018-11-28 12:18:27',39),(173,39,'2019-02-14','12:00 pm','love','1431431431','18','love@gmail.com','Male',1,'2018-11-28 12:22:09','2018-11-28 12:22:09',39),(174,46,'2018-11-30','08:30 am','as','9656565699','25','as@gmail.com','Male',1,'2018-11-28 12:23:26','2018-11-28 12:23:26',46),(175,39,'2019-02-15','01:00 pm','kush','7867876876','19','kush@gmal.vom','Male',1,'2018-11-28 12:24:10','2018-11-28 12:24:10',39),(176,39,'2018-11-30','09:30 am','jtjd','6464646649','97','zbznzn@nznz.nsjs','Male',1,'2018-11-28 12:26:43','2018-11-28 12:26:43',39),(177,42,'2018-11-29','07:00 am','aa','9949905189','30','bbb@gmail.com','Male',1,'2018-11-29 11:18:39','2018-11-29 11:18:39',42),(178,42,'2018-12-01','07:00 am','qq','1234567891','30','aaaa@gmail.com','Male',1,'2018-12-01 12:01:50','2018-12-01 12:01:50',42),(179,42,'2018-12-01','07:30 am','nbb','9999999999','30','aa@gmail.com','Male',1,'2018-12-01 18:38:01','2018-12-01 18:38:01',42),(180,1,'2018-12-05','11:30 am','testing','8500050944','26','testing@gmail.com','Male',1,'2018-12-03 16:39:29','2018-12-03 16:39:29',1),(181,1,'2018-12-14','10:30 am','satish','8500050944','26','satish@gmail.com','Male',1,'2018-12-03 16:41:25','2018-12-03 16:41:25',1);

/*Table structure for table `lab_tests` */

DROP TABLE IF EXISTS `lab_tests`;

CREATE TABLE `lab_tests` (
  `l_id` int(11) NOT NULL AUTO_INCREMENT,
  `lab_id` int(11) DEFAULT NULL,
  `test_type` varchar(250) DEFAULT NULL,
  `test_name` varchar(250) DEFAULT NULL,
  `test_duartion` varchar(250) DEFAULT NULL,
  `test_amount` varchar(250) DEFAULT NULL,
  `delivery_charge` varchar(250) DEFAULT NULL,
  `discount` decimal(10,2) DEFAULT NULL,
  `status` int(11) DEFAULT '1',
  `created_at` datetime DEFAULT NULL,
  `updated_at` datetime DEFAULT NULL,
  `created_by` int(11) DEFAULT NULL,
  PRIMARY KEY (`l_id`)
) ENGINE=InnoDB AUTO_INCREMENT=61 DEFAULT CHARSET=latin1;

/*Data for the table `lab_tests` */

insert  into `lab_tests`(`l_id`,`lab_id`,`test_type`,`test_name`,`test_duartion`,`test_amount`,`delivery_charge`,`discount`,`status`,`created_at`,`updated_at`,`created_by`) values (1,2,'test','like','10','200','45',NULL,1,'2018-11-01 17:34:06','2018-11-02 13:00:08',2),(2,2,'test','like that','20','100','45',NULL,1,'2018-11-01 17:39:08','2018-11-22 11:55:56',2),(3,3,'thoride','sugar','10 min','250','25',NULL,1,'2018-11-02 17:21:32','2018-11-02 17:21:32',3),(4,3,'thoride','blood','30 min','300','25',NULL,1,'2018-11-02 17:21:49','2018-11-02 17:21:49',3),(5,2,'All','boold','30 min','120','20',NULL,0,'2018-11-19 15:47:22','2018-11-28 17:39:47',2),(6,6,'lab','Dengue antigen','10','300','50',NULL,1,'2018-11-21 11:09:52','2018-11-27 12:40:53',6),(7,6,'lab','Ferritin','5','400','50',NULL,2,'2018-11-21 11:12:12','2018-11-23 17:34:47',6),(8,6,'lab','Lipid profile','15','500','50',NULL,2,'2018-11-21 11:12:57','2018-11-27 12:08:40',6),(9,6,'Lab','TSH','5','500','50',NULL,2,'2018-11-21 11:13:54','2018-11-21 12:49:34',6),(10,6,'Lab','Glucose Fasting blood','5','700','50',NULL,2,'2018-11-21 11:15:15','2018-11-21 11:39:38',6),(11,6,'lab','anemia','25','100','25',NULL,1,'2018-11-21 16:13:17','2018-11-27 12:09:00',6),(12,6,'lab','bone','15','150','30',NULL,2,'2018-11-21 16:13:50','2018-11-23 17:57:52',6),(13,6,'lab','ct scan','30','100','40',NULL,2,'2018-11-21 16:16:11','2018-11-23 17:43:31',6),(14,2,'tszjchjxhjghj','h','hghjgh','120','10 ',NULL,2,'2018-11-22 11:12:21','2018-11-22 11:12:49',2),(15,6,'lab','Liver Function Test','10','500','50',NULL,2,'2018-11-22 12:28:59','2018-11-22 12:29:10',6),(16,6,'lab','kidney function test','20','500','50',NULL,1,'2018-11-23 17:32:28','2018-11-23 17:32:28',6),(17,6,'lab','bone','30 min','200','100',NULL,2,'2018-11-23 17:58:07','2018-11-27 12:09:14',6),(18,6,'lab','TSH','10','500','50',NULL,1,'2018-11-23 18:09:04','2018-11-23 18:09:04',6),(19,6,'lab','Physical Examination','30','1000','50',NULL,1,'2018-11-26 10:11:58','2018-11-27 17:30:56',6),(20,6,'lab','Blood Test','10','250','50',NULL,1,'2018-11-26 10:12:56','2018-11-26 10:12:56',6),(21,6,'Radiology','Ultrasonography','20min','1500','50',NULL,2,'2018-11-26 10:14:13','2018-11-26 10:14:51',6),(22,6,'lab','Glucose Test','5','200','50',NULL,1,'2018-11-26 10:15:48','2018-11-26 10:15:48',6),(23,6,'lab','Serology','10','300','50',NULL,1,'2018-11-26 10:16:42','2018-11-26 10:16:42',6),(24,6,'Lab','Platelet Count','10','350','50',NULL,1,'2018-11-26 10:20:30','2018-11-26 10:20:30',6),(25,6,'lab','R.B.C. count','10','250','50',NULL,1,'2018-11-26 10:20:57','2018-11-26 10:20:57',6),(26,6,'lab','Haemoglobin','15','150','50',NULL,1,'2018-11-26 10:23:38','2018-11-26 10:23:38',6),(27,6,'lab','Total W.B.C. Differential Count','10','300','50',NULL,1,'2018-11-26 10:24:41','2018-11-26 10:24:41',6),(28,6,'lab','E.S.R.','15','200','50',NULL,1,'2018-11-26 10:25:34','2018-11-27 17:31:22',6),(29,6,'lab','Peripheral Smear','15','350','50',NULL,1,'2018-11-26 10:26:18','2018-11-26 10:26:18',6),(30,11,'lab','Blood Oxygen Level','15','500','40',NULL,1,'2018-11-26 12:41:07','2018-11-26 15:03:05',11),(31,11,'lab','Cholesterol Levels','15','400','40',NULL,1,'2018-11-26 12:41:49','2018-11-26 12:41:49',11),(32,11,'lab','Pap Smear','20','600','40',NULL,1,'2018-11-26 13:38:55','2018-11-26 13:38:55',11),(33,11,'lab','Rheumatoid Factor RF Test','30','800','40',NULL,1,'2018-11-26 13:39:33','2018-11-26 13:39:33',11),(34,11,'lab','Triglycerides Test','25','650','40',NULL,1,'2018-11-26 13:40:09','2018-11-26 13:40:09',11),(35,12,'lab','Vitamin D Test','15','300','45',NULL,1,'2018-11-26 15:14:57','2018-11-26 16:03:02',12),(36,12,'lab','Whooping Cough Diagnosis','25','350','45',NULL,0,'2018-11-26 15:16:14','2018-11-26 16:03:23',12),(37,11,'lab','Skin Biopsy','30','450','45',NULL,1,'2018-11-26 15:17:15','2018-11-26 15:17:15',11),(38,11,'lab','Dengue antigen','20','400','40',NULL,1,'2018-11-26 17:29:55','2018-11-26 17:29:55',11),(39,7,'lab','Dengue antigen','25','600','40',NULL,1,'2018-11-26 17:50:44','2018-11-26 18:02:03',7),(40,7,'lab','Thyroxine T4 Test','30','500','40',NULL,1,'2018-11-26 17:56:31','2018-11-26 18:01:57',7),(41,7,'lab','Sodium Blood Test','25','700','40',NULL,1,'2018-11-26 17:57:56','2018-11-26 18:01:52',7),(42,6,'lab','Allergy Tests','24','400','40',NULL,1,'2018-11-27 12:11:30','2018-11-27 12:11:30',6),(43,6,'lab','Antiglobulin Tests','24','500','40',NULL,1,'2018-11-27 12:12:30','2018-11-27 12:12:30',6),(44,6,'lab','Bilirubin Test','24','700','40',NULL,1,'2018-11-27 12:14:36','2018-11-27 12:14:36',6),(45,6,'lab','C Peptide','24','800','40',NULL,1,'2018-11-27 12:16:35','2018-11-27 12:16:35',6),(46,6,'lab','HFE test','24','550','40',NULL,1,'2018-11-27 12:20:33','2018-11-27 12:20:33',6),(47,6,'lab','Kidney Biopsy','24','650','40',NULL,1,'2018-11-27 12:21:36','2018-11-27 12:21:36',6),(48,2,'test type 1','test name1','10 min','100','50',NULL,1,'2018-11-28 18:25:19','2018-11-28 18:25:19',2),(49,2,'test type 2','test name1','20 min','200','42',NULL,1,'2018-11-28 18:25:20','2018-11-28 18:25:20',2),(50,2,'test type 3','test name2','10 min','600','60',NULL,1,'2018-11-28 18:25:20','2018-11-28 18:25:20',2),(51,6,'test type 1','test name1','10 min','100','50',NULL,1,'2018-11-28 18:47:22','2018-11-28 18:47:22',6),(52,6,'test type 2','test name1','20 min','200','42',NULL,1,'2018-11-28 18:47:22','2018-11-28 18:47:22',6),(53,6,'test type 3','test name2','10 min','600','60',NULL,1,'2018-11-28 18:47:22','2018-11-28 18:47:22',6),(54,6,'test type 4','lab test1','10 min','100','50',NULL,2,'2018-11-29 12:34:52','2018-11-29 12:48:33',6),(55,6,'test type 5','lab test2','2hrs','200','50',NULL,2,'2018-11-29 12:34:52','2018-11-29 12:48:44',6),(56,6,'test type 6','lab test3','15 min','600','60',NULL,2,'2018-11-29 12:34:52','2018-11-29 12:48:49',6),(57,6,'lab','CBC(Complete Blood Count)','10 min','100','50',NULL,1,'2018-11-29 13:13:51','2018-11-29 13:13:51',6),(58,6,'lab','BMP(Basic metabolic panel)','2hrs','200','50',NULL,1,'2018-11-29 13:13:51','2018-11-29 13:13:51',6),(59,6,'lab','ESR(Sedimentation Rate)','15 min','600','60',NULL,1,'2018-11-29 13:13:51','2018-11-29 13:13:51',6),(60,6,'lab','CMP(Comprehensive Metabolic Panel)','24hrs','400','100',NULL,1,'2018-11-29 13:13:51','2018-11-29 13:13:51',6);

/*Table structure for table `order_package_test_list` */

DROP TABLE IF EXISTS `order_package_test_list`;

CREATE TABLE `order_package_test_list` (
  `o_p_t_id` int(11) NOT NULL AUTO_INCREMENT,
  `order_item_id` int(11) DEFAULT NULL,
  `test_id` int(11) DEFAULT NULL,
  `report_file` varchar(250) DEFAULT NULL,
  `org_report_file` varchar(250) DEFAULT NULL,
  `status` int(11) DEFAULT '0',
  `upload_file` varchar(250) DEFAULT NULL,
  `file_upload_file` timestamp NULL DEFAULT CURRENT_TIMESTAMP,
  `created_at` timestamp NOT NULL DEFAULT CURRENT_TIMESTAMP,
  PRIMARY KEY (`o_p_t_id`)
) ENGINE=MyISAM AUTO_INCREMENT=229 DEFAULT CHARSET=latin1;

/*Data for the table `order_package_test_list` */

insert  into `order_package_test_list`(`o_p_t_id`,`order_item_id`,`test_id`,`report_file`,`org_report_file`,`status`,`upload_file`,`file_upload_file`,`created_at`) values (23,18,13,NULL,NULL,0,NULL,'2018-11-23 05:49:57','2018-11-23 05:49:57'),(20,18,8,NULL,NULL,0,NULL,'2018-11-23 05:49:57','2018-11-23 05:49:57'),(21,18,11,NULL,NULL,0,NULL,'2018-11-23 05:49:57','2018-11-23 05:49:57'),(22,18,12,NULL,NULL,0,NULL,'2018-11-23 05:49:57','2018-11-23 05:49:57'),(17,18,6,NULL,NULL,0,NULL,'2018-11-23 05:49:57','2018-11-23 05:49:57'),(18,18,7,NULL,NULL,0,NULL,'2018-11-23 05:49:57','2018-11-23 05:49:57'),(19,18,6,NULL,NULL,0,NULL,'2018-11-23 05:49:57','2018-11-23 05:49:57'),(15,15,8,'0.4845090015432328684GTECHNOLOGY.docx','4G TECHNOLOGY.docx',0,NULL,'2018-11-26 17:17:48','2018-11-23 05:42:46'),(16,15,16,NULL,NULL,0,NULL,'2018-11-23 05:42:46','2018-11-23 05:42:46'),(14,14,16,'0.7087600015429793234GTECHNOLOGY.docx','4G TECHNOLOGY.docx',0,NULL,'2018-11-23 18:52:03','2018-11-23 05:41:15'),(13,14,13,'0.72973500154297934731stmaydefects.xlsx','31st may defects.xlsx',0,NULL,'2018-11-23 18:52:27','2018-11-23 05:41:15'),(12,13,16,NULL,NULL,0,NULL,'2018-11-23 05:40:49','2018-11-23 05:40:49'),(11,13,13,NULL,NULL,0,NULL,'2018-11-23 05:40:49','2018-11-23 05:40:49'),(10,11,1,NULL,NULL,0,NULL,'2018-11-23 05:34:59','2018-11-23 05:34:59'),(24,19,16,NULL,NULL,0,NULL,'2018-11-23 05:51:46','2018-11-23 05:51:46'),(25,20,16,NULL,NULL,0,NULL,'2018-11-23 05:53:33','2018-11-23 05:53:33'),(26,21,1,NULL,NULL,0,NULL,'2018-11-23 05:57:29','2018-11-23 05:57:29'),(27,21,2,NULL,NULL,0,NULL,'2018-11-23 05:57:29','2018-11-23 05:57:29'),(28,23,13,NULL,NULL,0,NULL,'2018-11-23 06:04:08','2018-11-23 06:04:08'),(29,23,16,NULL,NULL,0,NULL,'2018-11-23 06:04:08','2018-11-23 06:04:08'),(30,25,8,NULL,NULL,0,NULL,'2018-11-23 06:12:08','2018-11-23 06:12:08'),(31,25,16,NULL,NULL,0,NULL,'2018-11-23 06:12:08','2018-11-23 06:12:08'),(32,26,16,NULL,NULL,0,NULL,'2018-11-23 06:12:32','2018-11-23 06:12:32'),(33,27,8,'0.428327001542978950Book1.xls','Book1.xls',0,NULL,'2018-11-23 18:45:50','2018-11-23 06:13:27'),(34,27,16,'0.712985001542978967ecommerceissues(Autosaved).xlsx','ecommerce issues (Autosaved).xlsx',0,NULL,'2018-11-23 18:46:07','2018-11-23 06:13:27'),(35,30,6,NULL,NULL,0,NULL,'2018-11-23 06:18:28','2018-11-23 06:18:28'),(36,30,7,NULL,NULL,0,NULL,'2018-11-23 06:18:29','2018-11-23 06:18:29'),(37,30,6,NULL,NULL,0,NULL,'2018-11-23 06:18:29','2018-11-23 06:18:29'),(38,30,8,NULL,NULL,0,NULL,'2018-11-23 06:18:29','2018-11-23 06:18:29'),(39,30,11,NULL,NULL,0,NULL,'2018-11-23 06:18:29','2018-11-23 06:18:29'),(40,30,12,NULL,NULL,0,NULL,'2018-11-23 06:18:29','2018-11-23 06:18:29'),(41,30,13,NULL,NULL,0,NULL,'2018-11-23 06:18:29','2018-11-23 06:18:29'),(42,31,8,'0.430387001542979253Book1.xls','Book1.xls',0,NULL,'2018-11-23 18:50:53','2018-11-23 06:19:54'),(43,31,16,'0.920286001542979273PrachatechforERPR1.pdf','Prachatech for ERP R1.pdf',0,NULL,'2018-11-23 18:51:13','2018-11-23 06:19:54'),(44,34,6,'0.8073370015432099054GTECHNOLOGY.docx','4G TECHNOLOGY.docx',0,NULL,'2018-11-26 10:55:05','2018-11-25 21:33:22'),(45,34,7,'0.6278050015432099421Completepaper.pdf','1 Complete paper.pdf',0,NULL,'2018-11-26 10:55:43','2018-11-25 21:33:22'),(46,41,7,'0.794802001543210578allfields.xlsx','allfields.xlsx',0,NULL,'2018-11-26 11:06:18','2018-11-25 22:26:09'),(47,41,24,'0.097790001543210610allfields(1).xlsx','allfields (1).xlsx',0,NULL,'2018-11-26 11:06:50','2018-11-25 22:26:09'),(48,41,25,'0.377041001543210645Book1.xls','Book1.xls',0,NULL,'2018-11-26 11:07:25','2018-11-25 22:26:09'),(49,41,26,'0.915612001543210686Book1.xls','Book1.xls',0,NULL,'2018-11-26 11:08:06','2018-11-25 22:26:09'),(50,41,27,'0.740760001543210674Book1.xls','Book1.xls',0,NULL,'2018-11-26 11:07:54','2018-11-25 22:26:09'),(51,41,28,'0.436682001543210729Book1.xls','Book1.xls',0,NULL,'2018-11-26 11:08:49','2018-11-25 22:26:09'),(52,41,29,'0.609244001543210743Book1.xls','Book1.xls',0,NULL,'2018-11-26 11:09:03','2018-11-25 22:26:09'),(53,43,30,NULL,NULL,0,NULL,'2018-11-26 01:16:42','2018-11-26 01:16:42'),(54,44,8,'0.11578500154323578031stmaydefects.xlsx','31st may defects.xlsx',0,NULL,'2018-11-26 18:06:20','2018-11-26 02:03:11'),(55,44,30,'0.9150350015432357904GTECHNOLOGY.docx','4G TECHNOLOGY.docx',0,NULL,'2018-11-26 18:06:30','2018-11-26 02:03:11'),(56,44,31,'0.8314960015432358071Completepaper.pdf','1 Complete paper.pdf',0,NULL,'2018-11-26 18:06:47','2018-11-26 02:03:11'),(57,44,32,'0.5660240015432358254GTECHNOLOGY.docx','4G TECHNOLOGY.docx',0,NULL,'2018-11-26 18:07:05','2018-11-26 02:03:11'),(58,44,33,'0.9632450015432358468086_instruction_set.pdf','8086_instruction_set.pdf',0,NULL,'2018-11-26 18:07:27','2018-11-26 02:03:11'),(59,45,35,'0.78589300154322680131stmaydefects.xlsx','31st may defects.xlsx',0,NULL,'2018-11-26 15:36:41','2018-11-26 02:54:16'),(60,46,8,'0.767362001543228544CopyofWebSite.xlsx','Copy of Web Site.xlsx',0,NULL,'2018-11-26 16:05:44','2018-11-26 03:26:29'),(61,46,16,NULL,NULL,0,NULL,'2018-11-26 03:26:29','2018-11-26 03:26:29'),(62,48,3,'0.333646001543231406med(1).xlsx','med(1).xlsx',0,NULL,'2018-11-26 16:53:26','2018-11-26 04:22:41'),(63,49,3,NULL,NULL,0,NULL,'2018-11-26 05:26:38','2018-11-26 05:26:38'),(64,50,7,NULL,NULL,0,NULL,'2018-11-26 05:59:24','2018-11-26 05:59:24'),(65,50,24,NULL,NULL,0,NULL,'2018-11-26 05:59:24','2018-11-26 05:59:24'),(66,50,25,NULL,NULL,0,NULL,'2018-11-26 05:59:24','2018-11-26 05:59:24'),(67,50,26,NULL,NULL,0,NULL,'2018-11-26 05:59:24','2018-11-26 05:59:24'),(68,50,27,NULL,NULL,0,NULL,'2018-11-26 05:59:24','2018-11-26 05:59:24'),(69,50,28,NULL,NULL,0,NULL,'2018-11-26 05:59:24','2018-11-26 05:59:24'),(70,50,29,NULL,NULL,0,NULL,'2018-11-26 05:59:24','2018-11-26 05:59:24'),(71,51,1,NULL,NULL,0,NULL,'2018-11-26 07:54:06','2018-11-26 07:54:06'),(72,51,2,NULL,NULL,0,NULL,'2018-11-26 07:54:06','2018-11-26 07:54:06'),(73,52,3,NULL,NULL,0,NULL,'2018-11-26 23:00:14','2018-11-26 23:00:14'),(74,53,3,NULL,NULL,0,NULL,'2018-11-26 23:04:33','2018-11-26 23:04:33'),(75,54,8,NULL,NULL,0,NULL,'2018-11-26 23:21:40','2018-11-26 23:21:40'),(76,54,30,NULL,NULL,0,NULL,'2018-11-26 23:21:40','2018-11-26 23:21:40'),(77,54,31,NULL,NULL,0,NULL,'2018-11-26 23:21:40','2018-11-26 23:21:40'),(78,54,32,NULL,NULL,0,NULL,'2018-11-26 23:21:40','2018-11-26 23:21:40'),(79,54,33,NULL,NULL,0,NULL,'2018-11-26 23:21:40','2018-11-26 23:21:40'),(80,55,6,'0.8548760015433035804GTECHNOLOGY.docx','4G TECHNOLOGY.docx',0,NULL,'2018-11-27 12:56:20','2018-11-27 00:17:09'),(81,56,43,NULL,NULL,0,NULL,'2018-11-27 00:17:09','2018-11-27 00:17:09'),(82,57,16,NULL,NULL,0,NULL,'2018-11-27 00:17:09','2018-11-27 00:17:09'),(83,58,3,NULL,NULL,0,NULL,'2018-11-27 00:30:12','2018-11-27 00:30:12'),(84,59,1,NULL,NULL,0,NULL,'2018-11-27 00:31:29','2018-11-27 00:31:29'),(85,59,2,NULL,NULL,0,NULL,'2018-11-27 00:31:29','2018-11-27 00:31:29'),(86,60,1,NULL,NULL,0,NULL,'2018-11-27 00:32:27','2018-11-27 00:32:27'),(87,61,2,NULL,NULL,0,NULL,'2018-11-27 00:32:27','2018-11-27 00:32:27'),(88,62,39,NULL,NULL,0,NULL,'2018-11-27 00:37:37','2018-11-27 00:37:37'),(89,63,6,NULL,NULL,0,NULL,'2018-11-27 00:39:42','2018-11-27 00:39:42'),(90,63,7,NULL,NULL,0,NULL,'2018-11-27 00:39:42','2018-11-27 00:39:42'),(91,64,46,NULL,NULL,0,NULL,'2018-11-27 00:57:21','2018-11-27 00:57:21'),(92,65,8,NULL,NULL,0,NULL,'2018-11-27 01:44:49','2018-11-27 01:44:49'),(93,65,1,NULL,NULL,0,NULL,'2018-11-27 01:44:49','2018-11-27 01:44:49'),(94,66,9,NULL,NULL,0,NULL,'2018-11-27 01:50:41','2018-11-27 01:50:41'),(95,66,1,NULL,NULL,0,NULL,'2018-11-27 01:50:41','2018-11-27 01:50:41'),(96,67,3,NULL,NULL,0,NULL,'2018-11-27 02:05:49','2018-11-27 02:05:49'),(97,68,1,NULL,NULL,0,NULL,'2018-11-27 02:54:18','2018-11-27 02:54:18'),(98,68,2,NULL,NULL,0,NULL,'2018-11-27 02:54:18','2018-11-27 02:54:18'),(99,69,29,NULL,NULL,0,NULL,'2018-11-27 03:41:32','2018-11-27 03:41:32'),(100,70,16,NULL,NULL,0,NULL,'2018-11-27 03:50:54','2018-11-27 03:50:54'),(101,70,19,NULL,NULL,0,NULL,'2018-11-27 03:50:54','2018-11-27 03:50:54'),(102,71,26,'0.850629001543319737epidemiology.docx','epidemiology.docx',0,NULL,'2018-11-27 17:25:37','2018-11-27 04:47:40'),(103,71,27,NULL,NULL,0,NULL,'2018-11-27 04:47:40','2018-11-27 04:47:40'),(104,71,28,NULL,NULL,0,NULL,'2018-11-27 04:47:40','2018-11-27 04:47:40'),(105,71,29,NULL,NULL,0,NULL,'2018-11-27 04:47:40','2018-11-27 04:47:40'),(106,71,42,NULL,NULL,0,NULL,'2018-11-27 04:47:40','2018-11-27 04:47:40'),(107,71,43,NULL,NULL,0,NULL,'2018-11-27 04:47:40','2018-11-27 04:47:40'),(108,71,44,NULL,NULL,0,NULL,'2018-11-27 04:47:40','2018-11-27 04:47:40'),(109,71,45,NULL,NULL,0,NULL,'2018-11-27 04:47:40','2018-11-27 04:47:40'),(110,71,46,NULL,NULL,0,NULL,'2018-11-27 04:47:40','2018-11-27 04:47:40'),(111,71,47,NULL,NULL,0,NULL,'2018-11-27 04:47:40','2018-11-27 04:47:40'),(112,72,1,NULL,NULL,0,NULL,'2018-11-27 06:11:14','2018-11-27 06:11:14'),(113,72,2,NULL,NULL,0,NULL,'2018-11-27 06:11:14','2018-11-27 06:11:14'),(114,73,6,NULL,NULL,0,NULL,'2018-11-27 21:28:40','2018-11-27 21:28:40'),(115,73,11,NULL,NULL,0,NULL,'2018-11-27 21:28:40','2018-11-27 21:28:40'),(116,73,16,NULL,NULL,0,NULL,'2018-11-27 21:28:40','2018-11-27 21:28:40'),(117,73,18,NULL,NULL,0,NULL,'2018-11-27 21:28:40','2018-11-27 21:28:40'),(118,73,19,NULL,NULL,0,NULL,'2018-11-27 21:28:40','2018-11-27 21:28:40'),(119,73,20,NULL,NULL,0,NULL,'2018-11-27 21:28:40','2018-11-27 21:28:40'),(120,73,22,NULL,NULL,0,NULL,'2018-11-27 21:28:40','2018-11-27 21:28:40'),(121,73,23,NULL,NULL,0,NULL,'2018-11-27 21:28:40','2018-11-27 21:28:40'),(122,73,24,NULL,NULL,0,NULL,'2018-11-27 21:28:40','2018-11-27 21:28:40'),(123,73,25,NULL,NULL,0,NULL,'2018-11-27 21:28:40','2018-11-27 21:28:40'),(124,74,6,NULL,NULL,0,NULL,'2018-11-27 22:48:11','2018-11-27 22:48:11'),(125,74,11,NULL,NULL,0,NULL,'2018-11-27 22:48:11','2018-11-27 22:48:11'),(126,74,16,NULL,NULL,0,NULL,'2018-11-27 22:48:11','2018-11-27 22:48:11'),(127,74,18,NULL,NULL,0,NULL,'2018-11-27 22:48:11','2018-11-27 22:48:11'),(128,74,19,NULL,NULL,0,NULL,'2018-11-27 22:48:11','2018-11-27 22:48:11'),(129,74,20,NULL,NULL,0,NULL,'2018-11-27 22:48:11','2018-11-27 22:48:11'),(130,74,22,NULL,NULL,0,NULL,'2018-11-27 22:48:11','2018-11-27 22:48:11'),(131,74,23,NULL,NULL,0,NULL,'2018-11-27 22:48:11','2018-11-27 22:48:11'),(132,74,24,NULL,NULL,0,NULL,'2018-11-27 22:48:11','2018-11-27 22:48:11'),(133,74,25,NULL,NULL,0,NULL,'2018-11-27 22:48:11','2018-11-27 22:48:11'),(134,75,6,NULL,NULL,0,NULL,'2018-11-27 22:55:35','2018-11-27 22:55:35'),(135,75,11,NULL,NULL,0,NULL,'2018-11-27 22:55:35','2018-11-27 22:55:35'),(136,75,16,NULL,NULL,0,NULL,'2018-11-27 22:55:36','2018-11-27 22:55:36'),(137,75,18,NULL,NULL,0,NULL,'2018-11-27 22:55:36','2018-11-27 22:55:36'),(138,75,19,NULL,NULL,0,NULL,'2018-11-27 22:55:36','2018-11-27 22:55:36'),(139,75,20,NULL,NULL,0,NULL,'2018-11-27 22:55:36','2018-11-27 22:55:36'),(140,75,22,NULL,NULL,0,NULL,'2018-11-27 22:55:36','2018-11-27 22:55:36'),(141,75,23,NULL,NULL,0,NULL,'2018-11-27 22:55:36','2018-11-27 22:55:36'),(142,75,24,NULL,NULL,0,NULL,'2018-11-27 22:55:36','2018-11-27 22:55:36'),(143,75,25,NULL,NULL,0,NULL,'2018-11-27 22:55:36','2018-11-27 22:55:36'),(144,76,8,NULL,NULL,0,NULL,'2018-11-27 23:12:39','2018-11-27 23:12:39'),(145,76,30,NULL,NULL,0,NULL,'2018-11-27 23:12:39','2018-11-27 23:12:39'),(146,76,31,NULL,NULL,0,NULL,'2018-11-27 23:12:39','2018-11-27 23:12:39'),(147,76,32,NULL,NULL,0,NULL,'2018-11-27 23:12:39','2018-11-27 23:12:39'),(148,76,33,NULL,NULL,0,NULL,'2018-11-27 23:12:39','2018-11-27 23:12:39'),(149,77,6,NULL,NULL,0,NULL,'2018-11-27 23:14:34','2018-11-27 23:14:34'),(150,77,11,NULL,NULL,0,NULL,'2018-11-27 23:14:34','2018-11-27 23:14:34'),(151,77,16,NULL,NULL,0,NULL,'2018-11-27 23:14:34','2018-11-27 23:14:34'),(152,77,18,NULL,NULL,0,NULL,'2018-11-27 23:14:34','2018-11-27 23:14:34'),(153,77,19,NULL,NULL,0,NULL,'2018-11-27 23:14:34','2018-11-27 23:14:34'),(154,77,20,NULL,NULL,0,NULL,'2018-11-27 23:14:34','2018-11-27 23:14:34'),(155,77,22,NULL,NULL,0,NULL,'2018-11-27 23:14:34','2018-11-27 23:14:34'),(156,77,23,NULL,NULL,0,NULL,'2018-11-27 23:14:34','2018-11-27 23:14:34'),(157,77,24,NULL,NULL,0,NULL,'2018-11-27 23:14:34','2018-11-27 23:14:34'),(158,77,25,NULL,NULL,0,NULL,'2018-11-27 23:14:34','2018-11-27 23:14:34'),(159,78,26,NULL,NULL,0,NULL,'2018-11-27 23:15:23','2018-11-27 23:15:23'),(160,78,27,NULL,NULL,0,NULL,'2018-11-27 23:15:23','2018-11-27 23:15:23'),(161,78,28,NULL,NULL,0,NULL,'2018-11-27 23:15:23','2018-11-27 23:15:23'),(162,78,29,NULL,NULL,0,NULL,'2018-11-27 23:15:23','2018-11-27 23:15:23'),(163,78,42,NULL,NULL,0,NULL,'2018-11-27 23:15:23','2018-11-27 23:15:23'),(164,78,43,NULL,NULL,0,NULL,'2018-11-27 23:15:23','2018-11-27 23:15:23'),(165,78,44,NULL,NULL,0,NULL,'2018-11-27 23:15:23','2018-11-27 23:15:23'),(166,78,45,NULL,NULL,0,NULL,'2018-11-27 23:15:23','2018-11-27 23:15:23'),(167,78,46,NULL,NULL,0,NULL,'2018-11-27 23:15:23','2018-11-27 23:15:23'),(168,78,47,NULL,NULL,0,NULL,'2018-11-27 23:15:23','2018-11-27 23:15:23'),(169,79,6,NULL,NULL,0,NULL,'2018-11-27 23:16:21','2018-11-27 23:16:21'),(170,79,11,NULL,NULL,0,NULL,'2018-11-27 23:16:21','2018-11-27 23:16:21'),(171,79,16,NULL,NULL,0,NULL,'2018-11-27 23:16:21','2018-11-27 23:16:21'),(172,79,18,NULL,NULL,0,NULL,'2018-11-27 23:16:21','2018-11-27 23:16:21'),(173,79,19,NULL,NULL,0,NULL,'2018-11-27 23:16:21','2018-11-27 23:16:21'),(174,79,20,NULL,NULL,0,NULL,'2018-11-27 23:16:21','2018-11-27 23:16:21'),(175,79,22,NULL,NULL,0,NULL,'2018-11-27 23:16:21','2018-11-27 23:16:21'),(176,79,23,NULL,NULL,0,NULL,'2018-11-27 23:16:21','2018-11-27 23:16:21'),(177,79,24,NULL,NULL,0,NULL,'2018-11-27 23:16:21','2018-11-27 23:16:21'),(178,79,25,NULL,NULL,0,NULL,'2018-11-27 23:16:21','2018-11-27 23:16:21'),(179,80,6,NULL,NULL,0,NULL,'2018-11-27 23:25:37','2018-11-27 23:25:37'),(180,80,11,NULL,NULL,0,NULL,'2018-11-27 23:25:37','2018-11-27 23:25:37'),(181,80,16,NULL,NULL,0,NULL,'2018-11-27 23:25:37','2018-11-27 23:25:37'),(182,80,18,NULL,NULL,0,NULL,'2018-11-27 23:25:37','2018-11-27 23:25:37'),(183,80,19,NULL,NULL,0,NULL,'2018-11-27 23:25:37','2018-11-27 23:25:37'),(184,80,20,NULL,NULL,0,NULL,'2018-11-27 23:25:37','2018-11-27 23:25:37'),(185,80,22,NULL,NULL,0,NULL,'2018-11-27 23:25:37','2018-11-27 23:25:37'),(186,80,23,NULL,NULL,0,NULL,'2018-11-27 23:25:37','2018-11-27 23:25:37'),(187,80,24,NULL,NULL,0,NULL,'2018-11-27 23:25:37','2018-11-27 23:25:37'),(188,80,25,NULL,NULL,0,NULL,'2018-11-27 23:25:37','2018-11-27 23:25:37'),(189,81,6,NULL,NULL,0,NULL,'2018-11-27 23:30:56','2018-11-27 23:30:56'),(190,81,11,NULL,NULL,0,NULL,'2018-11-27 23:30:56','2018-11-27 23:30:56'),(191,81,16,NULL,NULL,0,NULL,'2018-11-27 23:30:56','2018-11-27 23:30:56'),(192,81,18,NULL,NULL,0,NULL,'2018-11-27 23:30:56','2018-11-27 23:30:56'),(193,81,19,NULL,NULL,0,NULL,'2018-11-27 23:30:56','2018-11-27 23:30:56'),(194,81,20,NULL,NULL,0,NULL,'2018-11-27 23:30:56','2018-11-27 23:30:56'),(195,81,22,NULL,NULL,0,NULL,'2018-11-27 23:30:56','2018-11-27 23:30:56'),(196,81,23,NULL,NULL,0,NULL,'2018-11-27 23:30:56','2018-11-27 23:30:56'),(197,81,24,NULL,NULL,0,NULL,'2018-11-27 23:30:56','2018-11-27 23:30:56'),(198,81,25,NULL,NULL,0,NULL,'2018-11-27 23:30:56','2018-11-27 23:30:56'),(199,82,1,NULL,NULL,0,NULL,'2018-11-27 23:45:11','2018-11-27 23:45:11'),(200,83,11,NULL,NULL,0,NULL,'2018-11-27 23:45:11','2018-11-27 23:45:11'),(201,84,41,NULL,NULL,0,NULL,'2018-11-27 23:45:11','2018-11-27 23:45:11'),(202,85,20,NULL,NULL,0,NULL,'2018-11-27 23:45:11','2018-11-27 23:45:11'),(203,86,46,NULL,NULL,0,NULL,'2018-11-27 23:45:11','2018-11-27 23:45:11'),(204,87,41,NULL,NULL,0,NULL,'2018-11-27 23:48:58','2018-11-27 23:48:58'),(205,88,11,NULL,NULL,0,NULL,'2018-11-27 23:52:52','2018-11-27 23:52:52'),(206,89,4,NULL,NULL,0,NULL,'2018-11-27 23:55:24','2018-11-27 23:55:24'),(207,90,1,NULL,NULL,0,NULL,'2018-11-28 22:49:20','2018-11-28 22:49:20'),(208,90,2,NULL,NULL,0,NULL,'2018-11-28 22:49:20','2018-11-28 22:49:20'),(209,91,6,NULL,NULL,0,NULL,'2018-12-03 04:10:10','2018-12-03 04:10:10'),(210,91,11,NULL,NULL,0,NULL,'2018-12-03 04:10:11','2018-12-03 04:10:11'),(211,91,16,NULL,NULL,0,NULL,'2018-12-03 04:10:11','2018-12-03 04:10:11'),(212,91,18,NULL,NULL,0,NULL,'2018-12-03 04:10:11','2018-12-03 04:10:11'),(213,91,19,NULL,NULL,0,NULL,'2018-12-03 04:10:11','2018-12-03 04:10:11'),(214,91,20,NULL,NULL,0,NULL,'2018-12-03 04:10:12','2018-12-03 04:10:12'),(215,91,22,NULL,NULL,0,NULL,'2018-12-03 04:10:12','2018-12-03 04:10:12'),(216,91,23,NULL,NULL,0,NULL,'2018-12-03 04:10:12','2018-12-03 04:10:12'),(217,91,24,NULL,NULL,0,NULL,'2018-12-03 04:10:12','2018-12-03 04:10:12'),(218,91,25,NULL,NULL,0,NULL,'2018-12-03 04:10:13','2018-12-03 04:10:13'),(219,92,6,NULL,NULL,0,NULL,'2018-12-03 04:11:51','2018-12-03 04:11:51'),(220,92,11,NULL,NULL,0,NULL,'2018-12-03 04:11:52','2018-12-03 04:11:52'),(221,92,16,NULL,NULL,0,NULL,'2018-12-03 04:11:52','2018-12-03 04:11:52'),(222,92,18,NULL,NULL,0,NULL,'2018-12-03 04:11:52','2018-12-03 04:11:52'),(223,92,19,NULL,NULL,0,NULL,'2018-12-03 04:11:52','2018-12-03 04:11:52'),(224,92,20,NULL,NULL,0,NULL,'2018-12-03 04:11:53','2018-12-03 04:11:53'),(225,92,22,NULL,NULL,0,NULL,'2018-12-03 04:11:53','2018-12-03 04:11:53'),(226,92,23,NULL,NULL,0,NULL,'2018-12-03 04:11:53','2018-12-03 04:11:53'),(227,92,24,NULL,NULL,0,NULL,'2018-12-03 04:11:53','2018-12-03 04:11:53'),(228,92,25,NULL,NULL,0,NULL,'2018-12-03 04:11:54','2018-12-03 04:11:54');

/*Table structure for table `packages_test_list` */

DROP TABLE IF EXISTS `packages_test_list`;

CREATE TABLE `packages_test_list` (
  `p_t_id` int(11) NOT NULL AUTO_INCREMENT,
  `l_t_p_id` int(11) DEFAULT NULL,
  `test_id` int(11) DEFAULT NULL,
  `status` int(11) DEFAULT '1',
  `created_at` datetime DEFAULT NULL,
  `updated_at` datetime DEFAULT NULL,
  `created_by` int(11) DEFAULT NULL,
  PRIMARY KEY (`p_t_id`)
) ENGINE=InnoDB AUTO_INCREMENT=99 DEFAULT CHARSET=latin1;

/*Data for the table `packages_test_list` */

insert  into `packages_test_list`(`p_t_id`,`l_t_p_id`,`test_id`,`status`,`created_at`,`updated_at`,`created_by`) values (1,1,1,2,'2018-11-02 14:38:49','2018-11-22 11:59:05',2),(2,1,2,2,'2018-11-02 14:38:49','2018-11-22 11:59:05',2),(3,2,1,1,'2018-11-02 14:39:30','2018-11-02 18:50:05',2),(4,1,2,2,'2018-11-02 17:02:29','2018-11-22 11:59:05',2),(5,1,2,2,'2018-11-02 17:02:42','2018-11-22 11:59:05',2),(6,2,2,1,'2018-11-02 17:06:49','2018-11-22 11:55:56',2),(7,3,3,1,'2018-11-02 17:22:13','2018-11-02 18:51:45',3),(8,4,3,1,'2018-11-02 17:22:34','2018-11-26 17:51:51',3),(9,8,4,1,'2018-11-02 17:22:34','2018-11-23 17:33:18',3),(10,5,6,1,'2018-11-21 12:14:56','2018-11-27 12:08:51',6),(11,10,7,2,'2018-11-21 12:14:56','2018-11-23 17:34:47',6),(12,11,8,2,'2018-11-21 12:14:56','2018-11-27 12:08:40',6),(13,12,9,1,'2018-11-21 12:14:56','2018-11-21 12:14:56',6),(14,6,6,1,'2018-11-21 14:36:57','2018-11-27 12:08:51',6),(15,14,7,2,'2018-11-21 14:36:57','2018-11-23 17:34:47',6),(16,15,8,2,'2018-11-21 14:36:57','2018-11-27 12:08:40',6),(17,7,6,1,'2018-11-21 14:39:11','2018-11-27 12:08:51',6),(18,17,7,2,'2018-11-21 14:39:11','2018-11-23 17:34:47',6),(19,18,8,2,'2018-11-21 14:39:11','2018-11-27 12:08:40',6),(20,8,7,2,'2018-11-21 14:43:52','2018-11-23 17:34:47',6),(21,20,8,2,'2018-11-21 14:43:52','2018-11-27 12:08:40',6),(22,9,6,1,'2018-11-21 14:58:25','2018-11-27 12:08:51',6),(23,22,7,2,'2018-11-21 14:58:25','2018-11-23 17:34:47',6),(24,23,8,2,'2018-11-21 14:58:25','2018-11-27 12:08:40',6),(25,10,7,2,'2018-11-21 15:02:38','2018-11-23 17:34:47',6),(26,25,8,2,'2018-11-21 15:02:38','2018-11-27 12:08:40',6),(27,10,8,2,'2018-11-21 15:04:42','2018-11-27 12:08:40',6),(28,7,7,2,'2018-11-21 15:08:23','2018-11-23 17:34:47',6),(29,9,7,2,'2018-11-21 15:08:56','2018-11-23 17:34:47',6),(30,9,6,1,'2018-11-21 16:17:14','2018-11-27 12:08:51',6),(31,9,8,2,'2018-11-21 16:17:14','2018-11-27 12:08:40',6),(32,9,11,1,'2018-11-21 16:17:14','2018-11-27 12:09:00',6),(33,9,12,2,'2018-11-21 16:17:14','2018-11-23 17:57:52',6),(34,9,13,2,'2018-11-21 16:17:14','2018-11-23 17:43:31',6),(35,11,1,1,'2018-11-22 11:59:49','2018-11-22 11:59:49',2),(36,35,2,1,'2018-11-22 11:59:49','2018-11-22 11:59:49',2),(37,36,5,0,'2018-11-22 11:59:49','2018-11-28 17:39:47',2),(38,12,1,1,'2018-11-22 12:03:34','2018-11-22 12:03:34',2),(39,38,2,1,'2018-11-22 12:03:34','2018-11-22 12:03:34',2),(40,14,2,1,'2018-11-22 12:11:58','2018-11-22 12:13:12',2),(41,14,5,0,'2018-11-22 12:11:58','2018-11-28 17:39:47',2),(42,14,1,1,'2018-11-22 12:13:12','2018-11-22 12:13:12',2),(43,15,1,2,'2018-11-22 12:14:09','2018-11-22 12:18:48',2),(44,15,2,2,'2018-11-22 12:14:09','2018-11-22 12:18:48',2),(45,16,1,1,'2018-11-22 12:19:12','2018-11-22 12:19:31',2),(46,16,2,1,'2018-11-22 12:19:12','2018-11-22 12:19:31',2),(47,16,5,0,'2018-11-22 12:19:32','2018-11-28 17:39:47',2),(48,17,2,1,'2018-11-22 12:54:46','2018-11-22 12:55:31',2),(49,18,7,2,'2018-11-23 17:36:12','2018-11-23 17:41:55',6),(50,18,13,2,'2018-11-23 17:36:12','2018-11-23 17:43:31',6),(51,19,13,2,'2018-11-23 17:40:56','2018-11-23 17:43:31',6),(52,19,16,1,'2018-11-23 17:40:56','2018-11-23 17:40:56',6),(53,18,16,2,'2018-11-23 18:02:42','2018-11-23 18:04:35',6),(54,20,16,2,'2018-11-23 18:05:22','2018-11-27 12:07:51',6),(55,21,16,1,'2018-11-23 18:07:57','2018-11-23 18:07:57',6),(56,22,24,1,'2018-11-26 10:28:25','2018-11-26 10:32:43',6),(57,22,25,1,'2018-11-26 10:28:25','2018-11-26 10:32:43',6),(58,22,26,1,'2018-11-26 10:28:25','2018-11-26 10:32:43',6),(59,22,27,1,'2018-11-26 10:28:25','2018-11-26 10:32:43',6),(60,22,28,1,'2018-11-26 10:28:25','2018-11-26 10:32:43',6),(61,22,29,1,'2018-11-26 10:28:25','2018-11-26 10:32:43',6),(62,23,30,1,'2018-11-26 13:41:16','2018-11-26 15:03:05',11),(63,23,31,1,'2018-11-26 13:41:16','2018-11-26 14:47:01',11),(64,23,32,1,'2018-11-26 13:41:16','2018-11-26 14:47:01',11),(65,23,33,1,'2018-11-26 13:41:16','2018-11-26 14:47:01',11),(66,9,19,1,'2018-11-26 14:45:56','2018-11-26 14:45:56',6),(67,9,20,1,'2018-11-26 14:45:56','2018-11-26 14:45:56',6),(68,9,22,1,'2018-11-26 14:45:56','2018-11-26 14:45:56',6),(69,24,35,1,'2018-11-26 15:19:50','2018-11-26 16:03:02',12),(70,25,35,2,'2018-11-26 15:57:52','2018-11-26 16:09:02',12),(71,25,36,2,'2018-11-26 15:57:52','2018-11-26 16:09:02',12),(72,26,39,1,'2018-11-26 17:58:51','2018-11-26 18:02:03',7),(73,26,40,1,'2018-11-26 17:58:51','2018-11-26 18:01:57',7),(74,26,41,1,'2018-11-26 17:58:51','2018-11-26 18:01:52',7),(75,27,16,1,'2018-11-26 18:45:38','2018-11-26 18:45:38',6),(76,27,19,1,'2018-11-26 18:45:38','2018-11-26 18:45:38',6),(77,28,26,1,'2018-11-27 12:28:13','2018-11-27 12:28:13',6),(78,28,27,1,'2018-11-27 12:28:13','2018-11-27 12:28:13',6),(79,28,28,1,'2018-11-27 12:28:13','2018-11-27 12:28:13',6),(80,28,29,1,'2018-11-27 12:28:13','2018-11-27 12:28:13',6),(81,28,42,1,'2018-11-27 12:28:13','2018-11-27 12:28:13',6),(82,28,43,1,'2018-11-27 12:28:13','2018-11-27 12:28:13',6),(83,28,44,1,'2018-11-27 12:28:13','2018-11-27 12:28:13',6),(84,28,45,1,'2018-11-27 12:28:13','2018-11-27 12:28:13',6),(85,28,46,1,'2018-11-27 12:28:13','2018-11-27 12:28:13',6),(86,28,47,1,'2018-11-27 12:28:13','2018-11-27 12:28:13',6),(87,29,6,1,'2018-11-27 12:32:50','2018-11-27 12:32:50',6),(88,29,11,1,'2018-11-27 12:32:50','2018-11-27 12:32:50',6),(89,29,16,1,'2018-11-27 12:32:50','2018-11-27 12:32:50',6),(90,29,18,1,'2018-11-27 12:32:50','2018-11-27 12:32:50',6),(91,29,19,1,'2018-11-27 12:32:50','2018-11-27 12:32:50',6),(92,29,20,1,'2018-11-27 12:32:50','2018-11-27 12:32:50',6),(93,29,22,1,'2018-11-27 12:32:50','2018-11-27 12:32:50',6),(94,29,23,1,'2018-11-27 12:32:50','2018-11-27 12:32:50',6),(95,29,24,1,'2018-11-27 12:32:50','2018-11-27 12:32:50',6),(96,29,25,1,'2018-11-27 12:32:50','2018-11-27 12:32:50',6),(97,13,1,1,'2018-11-28 12:09:19','2018-11-28 12:09:19',2),(98,13,2,1,'2018-11-28 12:09:19','2018-11-28 12:09:19',2);

/*Table structure for table `role` */

DROP TABLE IF EXISTS `role`;

CREATE TABLE `role` (
  `r_id` int(11) NOT NULL AUTO_INCREMENT,
  `role` varchar(250) DEFAULT NULL,
  `status` int(11) DEFAULT '1',
  `created_at` datetime DEFAULT NULL,
  PRIMARY KEY (`r_id`)
) ENGINE=InnoDB AUTO_INCREMENT=4 DEFAULT CHARSET=latin1;

/*Data for the table `role` */

insert  into `role`(`r_id`,`role`,`status`,`created_at`) values (1,'Amin',1,NULL),(2,'Seller',1,NULL),(3,'Pharmacy',1,NULL);

/*Table structure for table `test_packages` */

DROP TABLE IF EXISTS `test_packages`;

CREATE TABLE `test_packages` (
  `l_t_p_id` int(11) NOT NULL AUTO_INCREMENT,
  `lab_id` int(11) DEFAULT NULL,
  `test_package_name` varchar(250) DEFAULT NULL,
  `amount` varchar(250) DEFAULT NULL,
  `discount` varchar(250) DEFAULT NULL,
  `percentage` varchar(250) DEFAULT NULL,
  `instruction` text,
  `delivery_charge` decimal(10,2) DEFAULT NULL,
  `reports_time` varchar(250) DEFAULT NULL,
  `status` int(11) DEFAULT '1',
  `created_at` datetime DEFAULT NULL,
  `updated_at` datetime DEFAULT NULL,
  `created_by` int(11) DEFAULT NULL,
  PRIMARY KEY (`l_t_p_id`)
) ENGINE=InnoDB AUTO_INCREMENT=30 DEFAULT CHARSET=latin1;

/*Data for the table `test_packages` */

insert  into `test_packages`(`l_t_p_id`,`lab_id`,`test_package_name`,`amount`,`discount`,`percentage`,`instruction`,`delivery_charge`,`reports_time`,`status`,`created_at`,`updated_at`,`created_by`) values (1,2,'pack1','1000','500','50.00','testing  mode','50.00',NULL,2,'2018-11-02 14:38:49','2018-11-22 11:59:04',2),(2,2,'pack2','500','50','10.00','same  as  above','50.00',NULL,1,'2018-11-02 14:39:30','2018-11-02 18:50:05',2),(3,3,'bpack1','1000','500','50.00','testing  mode','50.00',NULL,1,'2018-11-02 17:22:13','2018-11-02 18:51:45',3),(4,3,'bpack2','10033','500','4.98','testing  mode dfd','200.00','20 ',1,'2018-11-02 17:22:34','2018-11-26 17:51:51',3),(5,6,'complete health checkup','600','100','16.67','dgggggggg','50.00',NULL,2,'2018-11-21 12:14:56','2018-11-21 13:12:18',6),(6,6,'complete checkup','600','100','16.67','test','50.00',NULL,2,'2018-11-21 14:36:57','2018-11-21 14:37:34',6),(7,6,'Test package','500','125','25.00','test','50.00',NULL,1,'2018-11-21 14:39:11','2018-11-21 15:08:23',6),(8,6,'Test package1','400','50','12.50','test','50.00',NULL,1,'2018-11-21 14:43:52','2018-11-23 17:33:18',6),(9,6,'Master health checkup','700','150','21.43','test','50.00','24',1,'2018-11-21 14:58:25','2018-11-26 14:45:56',6),(10,6,'Test package3','550','75','13.64','tst','50.00',NULL,2,'2018-11-21 15:02:38','2018-11-27 12:08:10',6),(11,2,'pack1','5000','10','0.20','ntg','10.00',NULL,1,'2018-11-22 11:59:48','2018-11-22 11:59:48',2),(12,2,'vasu','2000','1000','50.00','like ','20.00',NULL,1,'2018-11-22 12:03:33','2018-11-22 12:03:33',2),(13,2,'vasu11','2000','10','0.50%','ntg','10.00','24',1,'2018-11-22 12:04:46','2018-11-28 12:09:18',2),(14,2,'vvvv','2000','1000','50.00','vvvv','11.00',NULL,1,'2018-11-22 12:11:57','2018-11-22 12:13:11',2),(15,2,'cvzxcv','5000','1000','20.00','cvxc','22.00',NULL,2,'2018-11-22 12:14:09','2018-11-22 12:18:47',2),(16,2,'xxx','2000','1000','50.00','ntg','100.00',NULL,1,'2018-11-22 12:19:11','2018-11-22 12:19:31',2),(17,2,'reddy','5000','1000','20.00','ntg','10.00','100',1,'2018-11-22 12:54:46','2018-11-22 12:55:30',2),(18,6,'tst1','1000','100','10.00','uu','50.00','2',2,'2018-11-23 17:36:12','2018-11-23 18:04:35',6),(19,6,'ts2','500','50','10.00','gfj','50.00','2',1,'2018-11-23 17:40:56','2018-11-23 17:40:56',6),(20,6,'tst1','500','50','10.00','jgj','50.00','2',2,'2018-11-23 18:05:22','2018-11-27 12:07:51',6),(21,6,'Mhealth checkup','500','50','10.00','fgf','50.00','2',1,'2018-11-23 18:07:57','2018-11-23 18:07:57',6),(22,6,'haemogram pack','1000','50','5.00','tst','45.00','5',1,'2018-11-26 10:28:25','2018-11-26 10:32:43',6),(23,11,'Master plus','2000','350','17.50','test','40.00','24',1,'2018-11-26 13:41:16','2018-11-26 14:47:01',11),(24,12,'Health plus','600','150','25.00','test','45.00','24',2,'2018-11-26 15:19:50','2018-11-26 15:57:03',12),(25,12,'Health plus','600','150','25.00','test','45.00','24',2,'2018-11-26 15:57:52','2018-11-26 16:09:02',12),(26,7,'Health plus','2000','150','7.50','test','40.00','24',0,'2018-11-26 17:58:51','2018-11-26 18:00:58',7),(27,6,'Health checkup','500','100','20.00%','tst','40.00','24',1,'2018-11-26 18:45:38','2018-11-26 18:45:38',6),(28,6,'Special Health Package','6000','500','8.33%','test','50.00','48',1,'2018-11-27 12:28:13','2018-11-27 12:28:13',6),(29,6,'General Health Package','7500','700','9.33%','tst','50.00','48',1,'2018-11-27 12:32:50','2018-11-27 12:32:50',6);

/*!40101 SET SQL_MODE=@OLD_SQL_MODE */;
/*!40014 SET FOREIGN_KEY_CHECKS=@OLD_FOREIGN_KEY_CHECKS */;
/*!40014 SET UNIQUE_CHECKS=@OLD_UNIQUE_CHECKS */;
/*!40111 SET SQL_NOTES=@OLD_SQL_NOTES */;
